Position,Const,Created,Modified,Description,Title,Original Title,URL,Title Type,IMDb Rating,Runtime (mins),Year,Genres,Num Votes,Release Date,Directors,Your Rating,Date Rated
1,tt0562828,2020-08-02,2020-08-02,,"Doctor Who: An Unearthly Child","Doctor Who: An Unearthly Child",https://www.imdb.com/title/tt0562828/,TV Episode,8.1,23,1963,"Adventure, Drama, Family, Sci-Fi",2485,1963-11-23,"Waris Hussein, Douglas Camfield",,
2,tt0782279,2020-08-02,2020-08-02,,"Doctor Who: The Cave of Skulls","Doctor Who: The Cave of Skulls",https://www.imdb.com/title/tt0782279/,TV Episode,6.4,25,1963,"Adventure, Drama, Family, Sci-Fi",1760,1963-11-30,"Waris Hussein, Douglas Camfield",,
3,tt0805109,2020-08-02,2020-08-02,,"Doctor Who: The Forest of Fear","Doctor Who: The Forest of Fear",https://www.imdb.com/title/tt0805109/,TV Episode,6.3,24,1963,"Adventure, Drama, Family, Sci-Fi",1619,1963-12-07,"Waris Hussein, Douglas Camfield",,
4,tt0813250,2020-08-02,2020-08-02,,"Doctor Who: The Firemaker","Doctor Who: The Firemaker",https://www.imdb.com/title/tt0813250/,TV Episode,6.5,24,1963,"Adventure, Drama, Family, Sci-Fi",1585,1963-12-14,"Waris Hussein, Douglas Camfield",,
5,tt0562905,2020-08-02,2020-08-02,,"Doctor Who: The Dead Planet","Doctor Who: The Dead Planet",https://www.imdb.com/title/tt0562905/,TV Episode,7.6,24,1963,"Adventure, Drama, Family, Sci-Fi",1733,1963-12-21,"Christopher Barry",,
6,tt0819441,2020-08-02,2020-08-02,,"Doctor Who: The Survivors","Doctor Who: The Survivors",https://www.imdb.com/title/tt0819441/,TV Episode,7.6,24,1963,"Adventure, Drama, Family, Sci-Fi",1524,1963-12-28,"Christopher Barry",,
7,tt0777345,2020-08-02,2020-08-02,,"Doctor Who: The Escape","Doctor Who: The Escape",https://www.imdb.com/title/tt0777345/,TV Episode,7.6,25,1964,"Adventure, Drama, Family, Sci-Fi",1470,1964-01-04,"Richard Martin",,
8,tt0819440,2020-08-02,2020-08-02,,"Doctor Who: The Ambush","Doctor Who: The Ambush",https://www.imdb.com/title/tt0819440/,TV Episode,7.5,24,1964,"Adventure, Drama, Family, Sci-Fi",1426,1964-01-11,"Christopher Barry",,
9,tt0769064,2020-08-02,2020-08-02,,"Doctor Who: The Expedition","Doctor Who: The Expedition",https://www.imdb.com/title/tt0769064/,TV Episode,7.2,24,1964,"Adventure, Drama, Family, Sci-Fi",1383,1964-01-18,"Christopher Barry",,
10,tt0769065,2020-08-02,2020-08-02,,"Doctor Who: The Ordeal","Doctor Who: The Ordeal",https://www.imdb.com/title/tt0769065/,TV Episode,7.0,26,1964,"Adventure, Drama, Family, Sci-Fi",1351,1964-01-25,"Richard Martin",,
11,tt0777344,2020-08-02,2020-08-02,,"Doctor Who: The Rescue","Doctor Who: The Rescue",https://www.imdb.com/title/tt0777344/,TV Episode,7.5,22,1964,"Adventure, Drama, Family, Sci-Fi",1354,1964-02-01,"Richard Martin",,
12,tt0756850,2020-08-02,2020-08-02,,"Doctor Who: The Edge of Destruction","Doctor Who: The Edge of Destruction",https://www.imdb.com/title/tt0756850/,TV Episode,6.8,25,1964,"Adventure, Drama, Family, Sci-Fi",1354,1964-02-08,"Richard Martin",,
13,tt0769062,2020-08-02,2020-08-02,,"Doctor Who: The Brink of Disaster","Doctor Who: The Brink of Disaster",https://www.imdb.com/title/tt0769062/,TV Episode,6.9,22,1964,"Adventure, Drama, Family, Sci-Fi",1231,1964-02-15,"Frank Cox",,
14,tt0562858,2020-08-02,2020-08-02,,"Doctor Who: The Roof of the World","Doctor Who: The Roof of the World",https://www.imdb.com/title/tt0562858/,TV Episode,7.2,24,1964,"Adventure, Drama, Family, Sci-Fi",666,1964-02-22,"Waris Hussein",,
15,tt0769067,2020-08-02,2020-08-02,,"Doctor Who: The Singing Sands","Doctor Who: The Singing Sands",https://www.imdb.com/title/tt0769067/,TV Episode,7.0,27,1964,"Adventure, Drama, Family, Sci-Fi",609,1964-02-29,"Waris Hussein",,
16,tt0809982,2020-08-02,2020-08-02,,"Doctor Who: Five Hundred Eyes","Doctor Who: Five Hundred Eyes",https://www.imdb.com/title/tt0809982/,TV Episode,6.8,23,1964,"Adventure, Drama, Family, Sci-Fi",600,1964-03-07,"Waris Hussein",,
17,tt0769068,2020-08-02,2020-08-02,,"Doctor Who: The Wall of Lies","Doctor Who: The Wall of Lies",https://www.imdb.com/title/tt0769068/,TV Episode,6.9,25,1964,"Adventure, Drama, Family, Sci-Fi",587,1964-03-14,"John Crockett",,
18,tt0805214,2020-08-02,2020-08-02,,"Doctor Who: Rider from Shang-Tu","Doctor Who: Rider from Shang-Tu",https://www.imdb.com/title/tt0805214/,TV Episode,6.8,23,1964,"Adventure, Drama, Family, Sci-Fi",581,1964-03-21,"Waris Hussein",,
19,tt0769059,2020-08-02,2020-08-02,,"Doctor Who: Mighty Kublai Khan","Doctor Who: Mighty Kublai Khan",https://www.imdb.com/title/tt0769059/,TV Episode,6.9,25,1964,"Adventure, Drama, Family, Sci-Fi",576,1964-03-28,"Waris Hussein",,
20,tt0809981,2020-08-02,2020-08-02,,"Doctor Who: Assassin at Peking","Doctor Who: Assassin at Peking",https://www.imdb.com/title/tt0809981/,TV Episode,7.1,25,1964,"Adventure, Drama, Family, Sci-Fi",584,1964-04-04,"Waris Hussein",,
21,tt0562926,2020-08-02,2020-08-02,,"Doctor Who: The Sea of Death","Doctor Who: The Sea of Death",https://www.imdb.com/title/tt0562926/,TV Episode,7.1,23,1964,"Adventure, Drama, Family, Sci-Fi",999,1964-04-11,"John Gorrie",,
22,tt0809986,2020-08-02,2020-08-02,,"Doctor Who: The Velvet Web","Doctor Who: The Velvet Web",https://www.imdb.com/title/tt0809986/,TV Episode,7.2,25,1964,"Adventure, Drama, Family, Sci-Fi",954,1964-04-18,"John Gorrie",,
23,tt0769066,2020-08-02,2020-08-02,,"Doctor Who: The Screaming Jungle","Doctor Who: The Screaming Jungle",https://www.imdb.com/title/tt0769066/,TV Episode,6.9,24,1964,"Adventure, Drama, Family, Sci-Fi",939,1964-04-25,"John Gorrie",,
24,tt0809984,2020-08-02,2020-08-02,,"Doctor Who: The Snows of Terror","Doctor Who: The Snows of Terror",https://www.imdb.com/title/tt0809984/,TV Episode,6.7,25,1964,"Adventure, Drama, Family, Sci-Fi",927,1964-05-02,"John Gorrie",,
25,tt0809983,2020-08-02,2020-08-02,,"Doctor Who: Sentence of Death","Doctor Who: Sentence of Death",https://www.imdb.com/title/tt0809983/,TV Episode,7.1,25,1964,"Adventure, Drama, Family, Sci-Fi",907,1964-05-09,"John Gorrie",,
26,tt0829417,2020-08-02,2020-08-02,,"Doctor Who: The Keys of Marinus","Doctor Who: The Keys of Marinus",https://www.imdb.com/title/tt0829417/,TV Episode,7.1,25,1964,"Adventure, Drama, Family, Sci-Fi",943,1964-05-16,"John Gorrie",,
27,tt0562894,2020-08-02,2020-08-02,,"Doctor Who: The Temple of Evil","Doctor Who: The Temple of Evil",https://www.imdb.com/title/tt0562894/,TV Episode,7.3,24,1964,"Adventure, Drama, Family, Sci-Fi",1158,1964-05-23,"John Crockett",,
28,tt0805215,2020-08-02,2020-08-02,,"Doctor Who: The Warriors of Death","Doctor Who: The Warriors of Death",https://www.imdb.com/title/tt0805215/,TV Episode,7.3,24,1964,"Adventure, Drama, Family, Sci-Fi",1036,1964-05-30,"John Crockett",,
29,tt0769061,2020-08-02,2020-08-02,,"Doctor Who: The Bride of Sacrifice","Doctor Who: The Bride of Sacrifice",https://www.imdb.com/title/tt0769061/,TV Episode,7.4,25,1964,"Adventure, Drama, Family, Sci-Fi",1020,1964-06-06,"John Crockett",,
30,tt0830292,2020-08-02,2020-08-02,,"Doctor Who: The Day of Darkness","Doctor Who: The Day of Darkness",https://www.imdb.com/title/tt0830292/,TV Episode,7.5,25,1964,"Adventure, Drama, Family, Sci-Fi",1009,1964-06-13,"John Crockett",,
31,tt0562953,2020-08-02,2020-08-02,,"Doctor Who: Strangers in Space","Doctor Who: Strangers in Space",https://www.imdb.com/title/tt0562953/,TV Episode,6.9,25,1964,"Adventure, Drama, Family, Sci-Fi",870,1964-06-20,"Mervyn Pinfield",,
32,tt0809985,2020-08-02,2020-08-02,,"Doctor Who: The Unwilling Warriors","Doctor Who: The Unwilling Warriors",https://www.imdb.com/title/tt0809985/,TV Episode,6.7,25,1964,"Adventure, Drama, Family, Sci-Fi",816,1964-06-27,"Mervyn Pinfield",,
33,tt0769057,2020-08-02,2020-08-02,,"Doctor Who: Hidden Danger","Doctor Who: Hidden Danger",https://www.imdb.com/title/tt0769057/,TV Episode,6.6,25,1964,"Adventure, Drama, Family, Sci-Fi",804,1964-07-11,"Mervyn Pinfield",,
34,tt0809980,2020-08-02,2020-08-02,,"Doctor Who: A Race Against Death","Doctor Who: A Race Against Death",https://www.imdb.com/title/tt0809980/,TV Episode,6.6,25,1964,"Adventure, Drama, Family, Sci-Fi",799,1964-07-18,"Mervyn Pinfield",,
35,tt0769058,2020-08-02,2020-08-02,,"Doctor Who: Kidnap","Doctor Who: Kidnap",https://www.imdb.com/title/tt0769058/,TV Episode,6.5,26,1964,"Adventure, Drama, Family, Sci-Fi",794,1964-07-25,"Frank Cox",,
36,tt0769055,2020-08-02,2020-08-02,,"Doctor Who: A Desperate Venture","Doctor Who: A Desperate Venture",https://www.imdb.com/title/tt0769055/,TV Episode,6.5,24,1964,"Adventure, Drama, Family, Sci-Fi",791,1964-08-01,"Frank Cox",,
37,tt0562944,2020-08-02,2020-08-02,,"Doctor Who: A Land of Fear","Doctor Who: A Land of Fear",https://www.imdb.com/title/tt0562944/,TV Episode,6.9,24,1964,"Adventure, Drama, Family, Sci-Fi",716,1964-08-08,"Henric Hirsch",,
38,tt0769056,2020-08-02,2020-08-02,,"Doctor Who: Guests of Madame Guillotine","Doctor Who: Guests of Madame Guillotine",https://www.imdb.com/title/tt0769056/,TV Episode,6.7,24,1964,"Adventure, Drama, Family, Sci-Fi",662,1964-08-15,"Henric Hirsch",,
39,tt0785282,2020-08-02,2020-08-02,,"Doctor Who: A Change of Identity","Doctor Who: A Change of Identity",https://www.imdb.com/title/tt0785282/,TV Episode,6.6,25,1964,"Adventure, Drama, Family, Sci-Fi",648,1964-08-22,"Henric Hirsch, John Gorrie",,
40,tt0785310,2020-08-02,2020-08-02,,"Doctor Who: The Tyrant of France","Doctor Who: The Tyrant of France",https://www.imdb.com/title/tt0785310/,TV Episode,6.4,25,1964,"Adventure, Drama, Family, Sci-Fi",635,1964-08-29,"Henric Hirsch",,
41,tt0769054,2020-08-02,2020-08-02,,"Doctor Who: A Bargain of Necessity","Doctor Who: A Bargain of Necessity",https://www.imdb.com/title/tt0769054/,TV Episode,6.5,24,1964,"Adventure, Drama, Family, Sci-Fi",624,1964-09-05,"Henric Hirsch",,
42,tt0769060,2020-08-02,2020-08-02,,"Doctor Who: Prisoners of Conciergerie","Doctor Who: Prisoners of Conciergerie",https://www.imdb.com/title/tt0769060/,TV Episode,6.7,25,1964,"Adventure, Drama, Family, Sci-Fi",641,1964-09-12,"Henric Hirsch, Timothy Combe",,
43,tt0562867,2020-08-02,2020-08-02,,"Doctor Who: Planet of Giants","Doctor Who: Planet of Giants",https://www.imdb.com/title/tt0562867/,TV Episode,7.0,23,1964,"Adventure, Drama, Family, Sci-Fi",891,1964-10-31,"Mervyn Pinfield",,
44,tt0776941,2020-08-02,2020-08-02,,"Doctor Who: Dangerous Journey","Doctor Who: Dangerous Journey",https://www.imdb.com/title/tt0776941/,TV Episode,6.9,24,1964,"Adventure, Drama, Family, Sci-Fi",809,1964-11-07,"Mervyn Pinfield",,
45,tt0776940,2020-08-02,2020-08-02,,"Doctor Who: Crisis","Doctor Who: Crisis",https://www.imdb.com/title/tt0776940/,TV Episode,6.7,27,1964,"Adventure, Drama, Family, Sci-Fi",795,1964-11-14,"Douglas Camfield, Mervyn Pinfield",,
46,tt0562904,2020-08-02,2020-08-02,,"Doctor Who: World's End","Doctor Who: World's End",https://www.imdb.com/title/tt0562904/,TV Episode,8.0,24,1964,"Adventure, Drama, Family, Sci-Fi",1025,1964-11-21,"Richard Martin",,
47,tt0776951,2020-08-02,2020-08-02,,"Doctor Who: The Daleks","Doctor Who: The Daleks",https://www.imdb.com/title/tt0776951/,TV Episode,7.9,24,1964,"Adventure, Drama, Family, Sci-Fi",981,1964-11-28,"Richard Martin",,
48,tt0776942,2020-08-02,2020-08-02,,"Doctor Who: Day of Reckoning","Doctor Who: Day of Reckoning",https://www.imdb.com/title/tt0776942/,TV Episode,7.9,27,1964,"Adventure, Drama, Family, Sci-Fi",918,1964-12-05,"Richard Martin",,
49,tt0776955,2020-08-02,2020-08-02,,"Doctor Who: The End of Tomorrow","Doctor Who: The End of Tomorrow",https://www.imdb.com/title/tt0776955/,TV Episode,7.6,23,1964,"Adventure, Drama, Family, Sci-Fi",897,1964-12-12,"Richard Martin",,
50,tt0776961,2020-08-02,2020-08-02,,"Doctor Who: The Waking Ally","Doctor Who: The Waking Ally",https://www.imdb.com/title/tt0776961/,TV Episode,7.7,25,1964,"Adventure, Drama, Family, Sci-Fi",897,1964-12-19,"Richard Martin",,
51,tt0776945,2020-08-02,2020-08-02,,"Doctor Who: Flashpoint","Doctor Who: Flashpoint",https://www.imdb.com/title/tt0776945/,TV Episode,8.3,26,1964,"Adventure, Drama, Family, Sci-Fi",947,1964-12-26,"Richard Martin",,
52,tt0562945,2020-08-02,2020-08-02,,"Doctor Who: The Powerful Enemy","Doctor Who: The Powerful Enemy",https://www.imdb.com/title/tt0562945/,TV Episode,7.1,26,1965,"Adventure, Drama, Family, Sci-Fi",840,1965-01-02,"Christopher Barry",,
53,tt0776943,2020-08-02,2020-08-02,,"Doctor Who: Desperate Measures","Doctor Who: Desperate Measures",https://www.imdb.com/title/tt0776943/,TV Episode,7.3,25,1965,"Adventure, Drama, Family, Sci-Fi",786,1965-01-09,"Christopher Barry",,
54,tt0562948,2020-08-02,2020-08-02,,"Doctor Who: The Slave Traders","Doctor Who: The Slave Traders",https://www.imdb.com/title/tt0562948/,TV Episode,7.2,24,1965,"Adventure, Drama, Family, Sci-Fi",817,1965-01-16,"Christopher Barry",,
55,tt0776936,2020-08-02,2020-08-02,,"Doctor Who: All Roads Lead to Rome","Doctor Who: All Roads Lead to Rome",https://www.imdb.com/title/tt0776936/,TV Episode,7.3,23,1965,"Adventure, Drama, Family, Sci-Fi",765,1965-01-23,"Christopher Barry",,
56,tt0776938,2020-08-02,2020-08-02,,"Doctor Who: Conspiracy","Doctor Who: Conspiracy",https://www.imdb.com/title/tt0776938/,TV Episode,7.2,25,1965,"Adventure, Drama, Family, Sci-Fi",764,1965-01-30,"Christopher Barry",,
57,tt0776947,2020-08-02,2020-08-02,,"Doctor Who: Inferno","Doctor Who: Inferno",https://www.imdb.com/title/tt0776947/,TV Episode,7.5,23,1965,"Adventure, Drama, Family, Sci-Fi",767,1965-02-06,"Christopher Barry",,
58,tt0562975,2020-08-02,2020-08-02,,"Doctor Who: The Web Planet","Doctor Who: The Web Planet",https://www.imdb.com/title/tt0562975/,TV Episode,6.3,24,1965,"Adventure, Drama, Family, Sci-Fi",834,1965-02-13,"Richard Martin",,
59,tt0776964,2020-08-02,2020-08-02,,"Doctor Who: The Zarbi","Doctor Who: The Zarbi",https://www.imdb.com/title/tt0776964/,TV Episode,5.8,23,1965,"Adventure, Drama, Family, Sci-Fi",747,1965-02-20,"Richard Martin",,
60,tt0776944,2020-08-02,2020-08-02,,"Doctor Who: Escape to Danger","Doctor Who: Escape to Danger",https://www.imdb.com/title/tt0776944/,TV Episode,5.7,23,1965,"Adventure, Drama, Family, Sci-Fi",725,1965-02-27,"Richard Martin",,
61,tt0776939,2020-08-02,2020-08-02,,"Doctor Who: Crater of Needles","Doctor Who: Crater of Needles",https://www.imdb.com/title/tt0776939/,TV Episode,5.6,26,1965,"Adventure, Drama, Family, Sci-Fi",727,1965-03-06,"Richard Martin",,
62,tt0776948,2020-08-02,2020-08-02,,"Doctor Who: Invasion","Doctor Who: Invasion",https://www.imdb.com/title/tt0776948/,TV Episode,5.6,26,1965,"Adventure, Drama, Family, Sci-Fi",716,1965-03-13,"Richard Martin",,
63,tt0776950,2020-08-02,2020-08-02,,"Doctor Who: The Centre","Doctor Who: The Centre",https://www.imdb.com/title/tt0776950/,TV Episode,5.5,24,1965,"Adventure, Drama, Family, Sci-Fi",714,1965-03-20,"Richard Martin",,
64,tt0562901,2020-08-02,2020-08-02,,"Doctor Who: The Lion","Doctor Who: The Lion",https://www.imdb.com/title/tt0562901/,TV Episode,7.0,25,1965,"Adventure, Drama, Family, Sci-Fi",596,1965-03-27,"Douglas Camfield",,
65,tt0776957,2020-08-02,2020-08-02,,"Doctor Who: The Knight of Jaffa","Doctor Who: The Knight of Jaffa",https://www.imdb.com/title/tt0776957/,TV Episode,6.6,23,1965,"Adventure, Drama, Family, Sci-Fi",502,1965-04-03,"Douglas Camfield",,
66,tt0776963,2020-08-02,2020-08-02,,"Doctor Who: The Wheel of Fortune","Doctor Who: The Wheel of Fortune",https://www.imdb.com/title/tt0776963/,TV Episode,7.0,25,1965,"Adventure, Drama, Family, Sci-Fi",557,1965-04-10,"Douglas Camfield",,
67,tt0776962,2020-08-02,2020-08-02,,"Doctor Who: The Warlords","Doctor Who: The Warlords",https://www.imdb.com/title/tt0776962/,TV Episode,6.7,24,1965,"Adventure, Drama, Family, Sci-Fi",490,1965-04-17,"Douglas Camfield",,
68,tt0562957,2020-08-02,2020-08-02,,"Doctor Who: The Space Museum","Doctor Who: The Space Museum",https://www.imdb.com/title/tt0562957/,TV Episode,7.8,24,1965,"Adventure, Drama, Family, Sci-Fi",795,1965-04-24,"Mervyn Pinfield",,
69,tt0776954,2020-08-02,2020-08-02,,"Doctor Who: The Dimensions of Time","Doctor Who: The Dimensions of Time",https://www.imdb.com/title/tt0776954/,TV Episode,7.0,22,1965,"Adventure, Drama, Family, Sci-Fi",709,1965-05-01,"Mervyn Pinfield",,
70,tt0776960,2020-08-02,2020-08-02,,"Doctor Who: The Search","Doctor Who: The Search",https://www.imdb.com/title/tt0776960/,TV Episode,6.7,24,1965,"Adventure, Drama, Family, Sci-Fi",702,1965-05-08,"Mervyn Pinfield",,
71,tt0776956,2020-08-02,2020-08-02,,"Doctor Who: The Final Phase","Doctor Who: The Final Phase",https://www.imdb.com/title/tt0776956/,TV Episode,6.7,22,1965,"Adventure, Drama, Family, Sci-Fi",709,1965-05-15,"Mervyn Pinfield",,
72,tt0562898,2020-08-02,2020-08-02,,"Doctor Who: The Executioners","Doctor Who: The Executioners",https://www.imdb.com/title/tt0562898/,TV Episode,7.2,25,1965,"Adventure, Drama, Family, Sci-Fi",756,1965-05-22,"Richard Martin",,
73,tt0776953,2020-08-02,2020-08-02,,"Doctor Who: The Death of Time","Doctor Who: The Death of Time",https://www.imdb.com/title/tt0776953/,TV Episode,6.9,24,1965,"Adventure, Drama, Family, Sci-Fi",700,1965-05-29,"Richard Martin",,
74,tt0776946,2020-08-02,2020-08-02,,"Doctor Who: Flight Through Eternity","Doctor Who: Flight Through Eternity",https://www.imdb.com/title/tt0776946/,TV Episode,7.1,25,1965,"Adventure, Drama, Family, Sci-Fi",708,1965-06-05,"Richard Martin",,
75,tt0776949,2020-08-02,2020-08-02,,"Doctor Who: Journey Into Terror","Doctor Who: Journey Into Terror",https://www.imdb.com/title/tt0776949/,TV Episode,6.8,24,1965,"Adventure, Drama, Family, Sci-Fi",699,1965-06-12,"Richard Martin",,
76,tt0776952,2020-08-02,2020-08-02,,"Doctor Who: The Death of Doctor Who","Doctor Who: The Death of Doctor Who",https://www.imdb.com/title/tt0776952/,TV Episode,7.1,23,1965,"Adventure, Drama, Family, Sci-Fi",696,1965-06-19,"Richard Martin",,
77,tt0776959,2020-08-02,2020-08-02,,"Doctor Who: The Planet of Decision","Doctor Who: The Planet of Decision",https://www.imdb.com/title/tt0776959/,TV Episode,7.8,26,1965,"Adventure, Drama, Family, Sci-Fi",715,1965-06-26,"Richard Martin, Douglas Camfield",,
78,tt0562964,2020-08-02,2020-08-02,,"Doctor Who: The Watcher","Doctor Who: The Watcher",https://www.imdb.com/title/tt0562964/,TV Episode,7.7,24,1965,"Adventure, Drama, Family, Sci-Fi",813,1965-07-03,"Douglas Camfield",,
79,tt0776958,2020-08-02,2020-08-02,,"Doctor Who: The Meddling Monk","Doctor Who: The Meddling Monk",https://www.imdb.com/title/tt0776958/,TV Episode,7.4,25,1965,"Adventure, Drama, Family, Sci-Fi",773,1965-07-10,"Douglas Camfield",,
80,tt0776935,2020-08-02,2020-08-02,,"Doctor Who: A Battle of Wits","Doctor Who: A Battle of Wits",https://www.imdb.com/title/tt0776935/,TV Episode,7.7,24,1965,"Adventure, Drama, Family, Sci-Fi",749,1965-07-17,"Douglas Camfield",,
81,tt0776937,2020-08-02,2020-08-02,,"Doctor Who: Checkmate","Doctor Who: Checkmate",https://www.imdb.com/title/tt0776937/,TV Episode,8.1,24,1965,"Adventure, Drama, Family, Sci-Fi",768,1965-07-24,"Douglas Camfield",,
82,tt0562849,2020-08-02,2020-08-02,,"Doctor Who: Four Hundred Dawns","Doctor Who: Four Hundred Dawns",https://www.imdb.com/title/tt0562849/,TV Episode,6.4,23,1965,"Adventure, Drama, Family, Sci-Fi",550,1965-09-11,"Derek Martinus",,
83,tt0785311,2020-08-02,2020-08-02,,"Doctor Who: Trap of Steel","Doctor Who: Trap of Steel",https://www.imdb.com/title/tt0785311/,TV Episode,6.3,25,1965,"Adventure, Drama, Family, Sci-Fi",515,1965-09-18,"Derek Martinus",,
84,tt0785283,2020-08-02,2020-08-02,,"Doctor Who: Air Lock","Doctor Who: Air Lock",https://www.imdb.com/title/tt0785283/,TV Episode,6.6,24,1965,"Adventure, Drama, Family, Sci-Fi",535,1965-09-25,"Derek Martinus",,
85,tt0785301,2020-08-02,2020-08-02,,"Doctor Who: The Exploding Planet","Doctor Who: The Exploding Planet",https://www.imdb.com/title/tt0785301/,TV Episode,6.5,25,1965,"Adventure, Drama, Family, Sci-Fi",512,1965-10-02,"Derek Martinus",,
86,tt0562862,2020-08-02,2020-08-02,,"Doctor Who: Mission to the Unknown","Doctor Who: Mission to the Unknown",https://www.imdb.com/title/tt0562862/,TV Episode,7.0,25,1965,"Adventure, Drama, Family, Sci-Fi",478,1965-10-09,"Derek Martinus",,
87,tt0562940,2020-08-02,2020-08-02,,"Doctor Who: Temple of Secrets","Doctor Who: Temple of Secrets",https://www.imdb.com/title/tt0562940/,TV Episode,6.9,25,1965,"Adventure, Drama, Family, Sci-Fi",422,1965-10-16,"Michael Leeston-Smith",,
88,tt0785297,2020-08-02,2020-08-02,,"Doctor Who: Small Prophet, Quick Return","Doctor Who: Small Prophet, Quick Return",https://www.imdb.com/title/tt0785297/,TV Episode,6.9,25,1965,"Adventure, Drama, Family, Sci-Fi",406,1965-10-23,"Michael Leeston-Smith",,
89,tt0785288,2020-08-02,2020-08-02,,"Doctor Who: Death of a Spy","Doctor Who: Death of a Spy",https://www.imdb.com/title/tt0785288/,TV Episode,7.0,26,1965,"Adventure, Drama, Family, Sci-Fi",404,1965-10-30,"Michael Leeston-Smith",,
90,tt0785294,2020-08-02,2020-08-02,,"Doctor Who: Horse of Destruction","Doctor Who: Horse of Destruction",https://www.imdb.com/title/tt0785294/,TV Episode,7.2,25,1965,"Adventure, Drama, Family, Sci-Fi",405,1965-11-06,"Michael Leeston-Smith",,
91,tt0562906,2020-08-02,2020-08-02,,"Doctor Who: The Nightmare Begins","Doctor Who: The Nightmare Begins",https://www.imdb.com/title/tt0562906/,TV Episode,7.9,23,1965,"Adventure, Drama, Family, Sci-Fi",493,1965-11-13,"Douglas Camfield",,
92,tt0785287,2020-08-02,2020-08-02,,"Doctor Who: Day of Armageddon","Doctor Who: Day of Armageddon",https://www.imdb.com/title/tt0785287/,TV Episode,7.8,24,1965,"Adventure, Drama, Family, Sci-Fi",525,1965-11-20,"Douglas Camfield",,
93,tt0785290,2020-08-02,2020-08-02,,"Doctor Who: Devil's Planet","Doctor Who: Devil's Planet",https://www.imdb.com/title/tt0785290/,TV Episode,7.6,25,1965,"Adventure, Drama, Family, Sci-Fi",460,1965-11-27,"Douglas Camfield",,
94,tt0785309,2020-08-02,2020-08-02,,"Doctor Who: The Traitors","Doctor Who: The Traitors",https://www.imdb.com/title/tt0785309/,TV Episode,8.0,25,1965,"Adventure, Drama, Family, Sci-Fi",446,1965-12-04,"Douglas Camfield",,
95,tt0785286,2020-08-02,2020-08-02,,"Doctor Who: Counter Plot","Doctor Who: Counter Plot",https://www.imdb.com/title/tt0785286/,TV Episode,7.5,24,1965,"Adventure, Drama, Family, Sci-Fi",501,1965-12-11,"Douglas Camfield",,
96,tt0785285,2020-08-02,2020-08-02,,"Doctor Who: Coronas of the Sun","Doctor Who: Coronas of the Sun",https://www.imdb.com/title/tt0785285/,TV Episode,7.7,25,1965,"Adventure, Drama, Family, Sci-Fi",427,1965-12-18,"Douglas Camfield",,
97,tt0785302,2020-08-02,2020-08-02,,"Doctor Who: The Feast of Steven","Doctor Who: The Feast of Steven",https://www.imdb.com/title/tt0785302/,TV Episode,6.4,25,1965,"Adventure, Drama, Family, Sci-Fi",434,1965-12-25,"Douglas Camfield",,
98,tt0785312,2020-08-02,2020-08-02,,"Doctor Who: Volcano","Doctor Who: Volcano",https://www.imdb.com/title/tt0785312/,TV Episode,7.4,25,1966,"Adventure, Drama, Family, Sci-Fi",423,1966-01-01,"Douglas Camfield",,
99,tt0785293,2020-08-02,2020-08-02,,"Doctor Who: Golden Death","Doctor Who: Golden Death",https://www.imdb.com/title/tt0785293/,TV Episode,7.4,25,1966,"Adventure, Drama, Family, Sci-Fi",426,1966-01-08,"Douglas Camfield",,
100,tt0785292,2020-08-02,2020-08-02,,"Doctor Who: Escape Switch","Doctor Who: Escape Switch",https://www.imdb.com/title/tt0785292/,TV Episode,7.5,24,1966,"Adventure, Drama, Family, Sci-Fi",488,1966-01-15,"Douglas Camfield",,
101,tt0785298,2020-08-02,2020-08-02,,"Doctor Who: The Abandoned Planet","Doctor Who: The Abandoned Planet",https://www.imdb.com/title/tt0785298/,TV Episode,7.7,25,1966,"Adventure, Drama, Family, Sci-Fi",422,1966-01-22,"Douglas Camfield",,
102,tt0785289,2020-08-02,2020-08-02,,"Doctor Who: Destruction of Time","Doctor Who: Destruction of Time",https://www.imdb.com/title/tt0785289/,TV Episode,8.5,24,1966,"Adventure, Drama, Family, Sci-Fi",477,1966-01-29,"Douglas Camfield",,
103,tt0562933,2020-08-02,2020-08-02,,"Doctor Who: War of God","Doctor Who: War of God",https://www.imdb.com/title/tt0562933/,TV Episode,7.1,25,1966,"Adventure, Drama, Family, Sci-Fi",401,1966-02-05,"Paddy Russell",,
104,tt0785308,2020-08-02,2020-08-02,,"Doctor Who: The Sea Beggar","Doctor Who: The Sea Beggar",https://www.imdb.com/title/tt0785308/,TV Episode,6.9,25,1966,"Adventure, Drama, Family, Sci-Fi",384,1966-02-12,"Paddy Russell",,
105,tt0785296,2020-08-02,2020-08-02,,"Doctor Who: Priest of Death","Doctor Who: Priest of Death",https://www.imdb.com/title/tt0785296/,TV Episode,6.9,25,1966,"Adventure, Drama, Family, Sci-Fi",386,1966-02-19,"Paddy Russell",,
106,tt0785284,2020-08-02,2020-08-02,,"Doctor Who: Bell of Doom","Doctor Who: Bell of Doom",https://www.imdb.com/title/tt0785284/,TV Episode,7.5,25,1966,"Adventure, Drama, Family, Sci-Fi",389,1966-02-26,"Paddy Russell",,
107,tt0562890,2020-08-02,2020-08-02,,"Doctor Who: The Steel Sky","Doctor Who: The Steel Sky",https://www.imdb.com/title/tt0562890/,TV Episode,7.1,24,1966,"Adventure, Drama, Family, Sci-Fi",650,1966-03-05,"Michael Imison",,
108,tt0785306,2020-08-02,2020-08-02,,"Doctor Who: The Plague","Doctor Who: The Plague",https://www.imdb.com/title/tt0785306/,TV Episode,7.1,25,1966,"Adventure, Drama, Family, Sci-Fi",609,1966-03-12,"Michael Imison",,
109,tt0785307,2020-08-02,2020-08-02,,"Doctor Who: The Return","Doctor Who: The Return",https://www.imdb.com/title/tt0785307/,TV Episode,7.0,25,1966,"Adventure, Drama, Family, Sci-Fi",601,1966-03-19,"Michael Imison",,
110,tt0785299,2020-08-02,2020-08-02,,"Doctor Who: The Bomb","Doctor Who: The Bomb",https://www.imdb.com/title/tt0785299/,TV Episode,6.8,25,1966,"Adventure, Drama, Family, Sci-Fi",597,1966-03-26,"Michael Imison",,
111,tt0562897,2020-08-02,2020-08-02,,"Doctor Who: The Celestial Toyroom","Doctor Who: The Celestial Toyroom",https://www.imdb.com/title/tt0562897/,TV Episode,6.7,25,1966,"Adventure, Drama, Family, Sci-Fi",496,1966-04-02,"Bill Sellars",,
112,tt0785304,2020-08-02,2020-08-02,,"Doctor Who: The Hall of Dolls","Doctor Who: The Hall of Dolls",https://www.imdb.com/title/tt0785304/,TV Episode,6.4,25,1966,"Adventure, Drama, Family, Sci-Fi",453,1966-04-09,"Bill Sellars",,
113,tt0785300,2020-08-02,2020-08-02,,"Doctor Who: The Dancing Floor","Doctor Who: The Dancing Floor",https://www.imdb.com/title/tt0785300/,TV Episode,6.1,24,1966,"Adventure, Drama, Family, Sci-Fi",451,1966-04-16,"Bill Sellars",,
114,tt0785303,2020-08-02,2020-08-02,,"Doctor Who: The Final Test","Doctor Who: The Final Test",https://www.imdb.com/title/tt0785303/,TV Episode,6.7,24,1966,"Adventure, Drama, Family, Sci-Fi",527,1966-04-23,"Bill Sellars",,
115,tt0562916,2020-08-02,2020-08-02,,"Doctor Who: A Holiday for the Doctor","Doctor Who: A Holiday for the Doctor",https://www.imdb.com/title/tt0562916/,TV Episode,6.4,24,1966,"Adventure, Drama, Family, Sci-Fi",659,1966-04-30,"Rex Tucker",,
116,tt0785291,2020-08-02,2020-08-02,,"Doctor Who: Don't Shoot the Pianist","Doctor Who: Don't Shoot the Pianist",https://www.imdb.com/title/tt0785291/,TV Episode,6.2,24,1966,"Adventure, Drama, Family, Sci-Fi",611,1966-05-07,"Rex Tucker",,
117,tt0785295,2020-08-02,2020-08-02,,"Doctor Who: Johnny Ringo","Doctor Who: Johnny Ringo",https://www.imdb.com/title/tt0785295/,TV Episode,6.0,25,1966,"Adventure, Drama, Family, Sci-Fi",613,1966-05-14,"Rex Tucker",,
118,tt0785305,2020-08-02,2020-08-02,,"Doctor Who: The O.K. Corral","Doctor Who: The O.K. Corral",https://www.imdb.com/title/tt0785305/,TV Episode,6.2,24,1966,"Adventure, Drama, Family, Sci-Fi",605,1966-05-21,"Rex Tucker",,
119,tt0562949,2020-08-02,2020-08-02,,"Doctor Who: The Savages: Episode 1","Doctor Who: The Savages: Episode 1",https://www.imdb.com/title/tt0562949/,TV Episode,6.7,25,1966,"Adventure, Drama, Family, Sci-Fi",405,1966-05-28,"Christopher Barry",,
120,tt0807265,2020-08-02,2020-08-02,,"Doctor Who: The Savages: Episode 2","Doctor Who: The Savages: Episode 2",https://www.imdb.com/title/tt0807265/,TV Episode,6.7,25,1966,"Adventure, Drama, Family, Sci-Fi",386,1966-06-04,"Christopher Barry",,
121,tt0807266,2020-08-02,2020-08-02,,"Doctor Who: The Savages: Episode 3","Doctor Who: The Savages: Episode 3",https://www.imdb.com/title/tt0807266/,TV Episode,6.7,26,1966,"Adventure, Drama, Family, Sci-Fi",387,1966-06-11,"Christopher Barry",,
122,tt0807267,2020-08-02,2020-08-02,,"Doctor Who: The Savages: Episode 4","Doctor Who: The Savages: Episode 4",https://www.imdb.com/title/tt0807267/,TV Episode,6.9,25,1966,"Adventure, Drama, Family, Sci-Fi",393,1966-06-18,"Christopher Barry",,
123,tt0562974,2020-08-02,2020-08-02,,"Doctor Who: The War Machines: Episode 1","Doctor Who: The War Machines: Episode 1",https://www.imdb.com/title/tt0562974/,TV Episode,7.4,24,1966,"Adventure, Drama, Family, Sci-Fi",725,1966-06-25,"Michael Ferguson",,
124,tt0807268,2020-08-02,2020-08-02,,"Doctor Who: The War Machines: Episode 2","Doctor Who: The War Machines: Episode 2",https://www.imdb.com/title/tt0807268/,TV Episode,7.2,24,1966,"Adventure, Drama, Family, Sci-Fi",660,1966-07-02,"Michael Ferguson",,
125,tt0807269,2020-08-02,2020-08-02,,"Doctor Who: The War Machines: Episode 3","Doctor Who: The War Machines: Episode 3",https://www.imdb.com/title/tt0807269/,TV Episode,7.2,24,1966,"Adventure, Drama, Family, Sci-Fi",655,1966-07-09,"Michael Ferguson",,
126,tt0807270,2020-08-02,2020-08-02,,"Doctor Who: The War Machines: Episode 4","Doctor Who: The War Machines: Episode 4",https://www.imdb.com/title/tt0807270/,TV Episode,7.2,23,1966,"Adventure, Drama, Family, Sci-Fi",653,1966-07-16,"Michael Ferguson",,
127,tt0562955,2020-08-02,2020-08-02,,"Doctor Who: The Smugglers: Episode 1","Doctor Who: The Smugglers: Episode 1",https://www.imdb.com/title/tt0562955/,TV Episode,6.2,25,1966,"Adventure, Drama, Family, Sci-Fi",387,1966-09-10,"Julia Smith",,
128,tt0810587,2020-08-02,2020-08-02,,"Doctor Who: The Smugglers: Episode 2","Doctor Who: The Smugglers: Episode 2",https://www.imdb.com/title/tt0810587/,TV Episode,5.9,25,1966,"Adventure, Drama, Family, Sci-Fi",366,1966-09-17,"Julia Smith",,
129,tt0810588,2020-08-02,2020-08-02,,"Doctor Who: The Smugglers: Episode 3","Doctor Who: The Smugglers: Episode 3",https://www.imdb.com/title/tt0810588/,TV Episode,6.0,25,1966,"Adventure, Drama, Family, Sci-Fi",364,1966-09-24,"Julia Smith",,
130,tt0810589,2020-08-02,2020-08-02,,"Doctor Who: The Smugglers: Episode 4","Doctor Who: The Smugglers: Episode 4",https://www.imdb.com/title/tt0810589/,TV Episode,6.0,24,1966,"Adventure, Drama, Family, Sci-Fi",368,1966-10-01,"Julia Smith",,
131,tt0562962,2020-08-02,2020-08-02,,"Doctor Who: The Tenth Planet: Episode 1","Doctor Who: The Tenth Planet: Episode 1",https://www.imdb.com/title/tt0562962/,TV Episode,7.7,23,1966,"Adventure, Drama, Family, Sci-Fi",730,1966-10-08,"Derek Martinus",,
132,tt0810590,2020-08-02,2020-08-02,,"Doctor Who: The Tenth Planet: Episode 2","Doctor Who: The Tenth Planet: Episode 2",https://www.imdb.com/title/tt0810590/,TV Episode,7.7,23,1966,"Adventure, Drama, Family, Sci-Fi",657,1966-10-15,"Derek Martinus",,
133,tt0810591,2020-08-02,2020-08-02,,"Doctor Who: The Tenth Planet: Episode 3","Doctor Who: The Tenth Planet: Episode 3",https://www.imdb.com/title/tt0810591/,TV Episode,7.4,24,1966,"Adventure, Drama, Family, Sci-Fi",647,1966-10-22,"Derek Martinus",,
134,tt0810592,2020-08-02,2020-08-02,,"Doctor Who: The Tenth Planet: Episode 4","Doctor Who: The Tenth Planet: Episode 4",https://www.imdb.com/title/tt0810592/,TV Episode,8.1,24,1966,"Adventure, Drama, Family, Sci-Fi",684,1966-10-29,"Derek Martinus",,
135,tt0562943,2020-08-02,2020-08-02,,"Doctor Who: The Power of the Daleks: Episode One","Doctor Who: The Power of the Daleks: Episode One",https://www.imdb.com/title/tt0562943/,TV Episode,8.1,26,1966,"Adventure, Drama, Family, Sci-Fi",724,1966-11-05,"Christopher Barry",,
136,tt0810582,2020-08-02,2020-08-02,,"Doctor Who: The Power of the Daleks: Episode Two","Doctor Who: The Power of the Daleks: Episode Two",https://www.imdb.com/title/tt0810582/,TV Episode,8.1,24,1966,"Adventure, Drama, Family, Sci-Fi",650,1966-11-12,"Christopher Barry",,
137,tt0810583,2020-08-02,2020-08-02,,"Doctor Who: The Power of the Daleks: Episode Three","Doctor Who: The Power of the Daleks: Episode Three",https://www.imdb.com/title/tt0810583/,TV Episode,8.0,24,1966,"Adventure, Drama, Family, Sci-Fi",645,1966-11-19,"Christopher Barry",,
138,tt0810584,2020-08-02,2020-08-02,,"Doctor Who: The Power of the Daleks: Episode Four","Doctor Who: The Power of the Daleks: Episode Four",https://www.imdb.com/title/tt0810584/,TV Episode,8.1,24,1966,"Adventure, Drama, Family, Sci-Fi",639,1966-11-26,"Christopher Barry",,
139,tt0810585,2020-08-02,2020-08-02,,"Doctor Who: The Power of the Daleks: Episode Five","Doctor Who: The Power of the Daleks: Episode Five",https://www.imdb.com/title/tt0810585/,TV Episode,8.0,24,1966,"Adventure, Drama, Family, Sci-Fi",632,1966-12-03,"Christopher Barry",,
140,tt0810586,2020-08-02,2020-08-02,,"Doctor Who: The Power of the Daleks: Episode Six","Doctor Who: The Power of the Daleks: Episode Six",https://www.imdb.com/title/tt0810586/,TV Episode,8.2,24,1966,"Adventure, Drama, Family, Sci-Fi",652,1966-12-10,"Christopher Barry",,
141,tt0562919,2020-08-02,2020-08-02,,"Doctor Who: The Highlanders: Episode 1","Doctor Who: The Highlanders: Episode 1",https://www.imdb.com/title/tt0562919/,TV Episode,6.4,25,1966,"Adventure, Drama, Family, Sci-Fi",388,1966-12-17,"Hugh David",,
142,tt0810573,2020-08-02,2020-08-02,,"Doctor Who: The Highlanders: Episode 2","Doctor Who: The Highlanders: Episode 2",https://www.imdb.com/title/tt0810573/,TV Episode,6.3,24,1966,"Adventure, Drama, Family, Sci-Fi",366,1966-12-24,"Hugh David",,
143,tt0810574,2020-08-02,2020-08-02,,"Doctor Who: The Highlanders: Episode 3","Doctor Who: The Highlanders: Episode 3",https://www.imdb.com/title/tt0810574/,TV Episode,6.3,23,1966,"Adventure, Drama, Family, Sci-Fi",363,1966-12-31,"Hugh David",,
144,tt0810575,2020-08-02,2020-08-02,,"Doctor Who: The Highlanders: Episode 4","Doctor Who: The Highlanders: Episode 4",https://www.imdb.com/title/tt0810575/,TV Episode,6.4,24,1967,"Adventure, Drama, Family, Sci-Fi",367,1967-01-07,"Hugh David",,
145,tt0562971,2020-08-02,2020-08-02,,"Doctor Who: The Underwater Menace: Episode 1","Doctor Who: The Underwater Menace: Episode 1",https://www.imdb.com/title/tt0562971/,TV Episode,6.0,24,1967,"Adventure, Drama, Family, Sci-Fi",516,1967-01-14,"Julia Smith",,
146,tt0810593,2020-08-02,2020-08-02,,"Doctor Who: The Underwater Menace: Episode 2","Doctor Who: The Underwater Menace: Episode 2",https://www.imdb.com/title/tt0810593/,TV Episode,6.1,25,1967,"Adventure, Drama, Family, Sci-Fi",504,1967-01-21,"Julia Smith",,
147,tt0810594,2020-08-02,2020-08-02,,"Doctor Who: The Underwater Menace: Episode 3","Doctor Who: The Underwater Menace: Episode 3",https://www.imdb.com/title/tt0810594/,TV Episode,6.0,24,1967,"Adventure, Drama, Family, Sci-Fi",516,1967-01-28,"Julia Smith",,
148,tt0810595,2020-08-02,2020-08-02,,"Doctor Who: The Underwater Menace: Episode 4","Doctor Who: The Underwater Menace: Episode 4",https://www.imdb.com/title/tt0810595/,TV Episode,5.8,23,1967,"Adventure, Drama, Family, Sci-Fi",483,1967-02-04,"Julia Smith",,
149,tt0562937,2020-08-02,2020-08-02,,"Doctor Who: The Moonbase: Episode 1","Doctor Who: The Moonbase: Episode 1",https://www.imdb.com/title/tt0562937/,TV Episode,7.3,24,1967,"Adventure, Drama, Family, Sci-Fi",596,1967-02-11,"Morris Barry",,
150,tt0810579,2020-08-02,2020-08-02,,"Doctor Who: The Moonbase: Episode 2","Doctor Who: The Moonbase: Episode 2",https://www.imdb.com/title/tt0810579/,TV Episode,7.4,25,1967,"Adventure, Drama, Family, Sci-Fi",564,1967-02-18,"Morris Barry",,
151,tt0810580,2020-08-02,2020-08-02,,"Doctor Who: The Moonbase: Episode 3","Doctor Who: The Moonbase: Episode 3",https://www.imdb.com/title/tt0810580/,TV Episode,7.3,26,1967,"Adventure, Drama, Family, Sci-Fi",543,1967-02-25,"Morris Barry",,
152,tt0810581,2020-08-02,2020-08-02,,"Doctor Who: The Moonbase: Episode 4","Doctor Who: The Moonbase: Episode 4",https://www.imdb.com/title/tt0810581/,TV Episode,7.4,23,1967,"Adventure, Drama, Family, Sci-Fi",558,1967-03-04,"Morris Barry",,
153,tt0562930,2020-08-02,2020-08-02,,"Doctor Who: The Macra Terror: Episode 1","Doctor Who: The Macra Terror: Episode 1",https://www.imdb.com/title/tt0562930/,TV Episode,7.2,24,1967,"Adventure, Drama, Family, Sci-Fi",533,1967-03-11,"John Davies",,
154,tt0810576,2020-08-02,2020-08-02,,"Doctor Who: The Macra Terror: Episode 2","Doctor Who: The Macra Terror: Episode 2",https://www.imdb.com/title/tt0810576/,TV Episode,7.3,24,1967,"Adventure, Drama, Family, Sci-Fi",494,1967-03-18,"John Davies",,
155,tt0810577,2020-08-02,2020-08-02,,"Doctor Who: The Macra Terror: Episode 3","Doctor Who: The Macra Terror: Episode 3",https://www.imdb.com/title/tt0810577/,TV Episode,7.1,23,1967,"Adventure, Drama, Family, Sci-Fi",486,1967-03-25,"John Davies",,
156,tt0810578,2020-08-02,2020-08-02,,"Doctor Who: The Macra Terror: Episode 4","Doctor Who: The Macra Terror: Episode 4",https://www.imdb.com/title/tt0810578/,TV Episode,7.1,24,1967,"Adventure, Drama, Family, Sci-Fi",490,1967-04-01,"John Davies",,
157,tt0562913,2020-08-02,2020-08-02,,"Doctor Who: The Faceless Ones: Episode 1","Doctor Who: The Faceless Ones: Episode 1",https://www.imdb.com/title/tt0562913/,TV Episode,7.5,24,1967,"Adventure, Drama, Family, Sci-Fi",549,1967-04-08,"Gerry Mill",,
158,tt0810568,2020-08-02,2020-08-02,,"Doctor Who: The Faceless Ones: Episode 2","Doctor Who: The Faceless Ones: Episode 2",https://www.imdb.com/title/tt0810568/,TV Episode,7.3,26,1967,"Adventure, Drama, Family, Sci-Fi",474,1967-04-15,"Gerry Mill",,
159,tt0810569,2020-08-02,2020-08-02,,"Doctor Who: The Faceless Ones: Episode 3","Doctor Who: The Faceless Ones: Episode 3",https://www.imdb.com/title/tt0810569/,TV Episode,7.5,23,1967,"Adventure, Drama, Family, Sci-Fi",500,1967-04-22,"Gerry Mill",,
160,tt0810570,2020-08-02,2020-08-02,,"Doctor Who: The Faceless Ones: Episode 4","Doctor Who: The Faceless Ones: Episode 4",https://www.imdb.com/title/tt0810570/,TV Episode,7.3,25,1967,"Adventure, Drama, Family, Sci-Fi",467,1967-04-29,"Gerry Mill",,
161,tt0810571,2020-08-02,2020-08-02,,"Doctor Who: The Faceless Ones: Episode 5","Doctor Who: The Faceless Ones: Episode 5",https://www.imdb.com/title/tt0810571/,TV Episode,7.4,24,1967,"Adventure, Drama, Family, Sci-Fi",462,1967-05-06,"Gerry Mill",,
162,tt0810572,2020-08-02,2020-08-02,,"Doctor Who: The Faceless Ones: Episode 6","Doctor Who: The Faceless Ones: Episode 6",https://www.imdb.com/title/tt0810572/,TV Episode,7.4,24,1967,"Adventure, Drama, Family, Sci-Fi",467,1967-05-13,"Gerry Mill",,
163,tt0562911,2020-08-02,2020-08-02,,"Doctor Who: The Evil of the Daleks: Episode 1","Doctor Who: The Evil of the Daleks: Episode 1",https://www.imdb.com/title/tt0562911/,TV Episode,7.8,24,1967,"Adventure, Drama, Family, Sci-Fi",519,1967-05-20,"Derek Martinus",,
164,tt0810562,2020-08-02,2020-08-02,,"Doctor Who: The Evil of the Daleks: Episode 2","Doctor Who: The Evil of the Daleks: Episode 2",https://www.imdb.com/title/tt0810562/,TV Episode,8.1,25,1967,"Adventure, Drama, Family, Sci-Fi",512,1967-05-27,"Derek Martinus",,
165,tt0810563,2020-08-02,2020-08-02,,"Doctor Who: The Evil of the Daleks: Episode 3","Doctor Who: The Evil of the Daleks: Episode 3",https://www.imdb.com/title/tt0810563/,TV Episode,7.6,25,1967,"Adventure, Drama, Family, Sci-Fi",478,1967-06-03,"Derek Martinus",,
166,tt0810564,2020-08-02,2020-08-02,,"Doctor Who: The Evil of the Daleks: Episode 4","Doctor Who: The Evil of the Daleks: Episode 4",https://www.imdb.com/title/tt0810564/,TV Episode,7.6,25,1967,"Adventure, Drama, Family, Sci-Fi",472,1967-06-10,"Derek Martinus",,
167,tt0810565,2020-08-02,2020-08-02,,"Doctor Who: The Evil of the Daleks: Episode 5","Doctor Who: The Evil of the Daleks: Episode 5",https://www.imdb.com/title/tt0810565/,TV Episode,7.7,25,1967,"Adventure, Drama, Family, Sci-Fi",472,1967-06-17,"Derek Martinus",,
168,tt0810566,2020-08-02,2020-08-02,,"Doctor Who: The Evil of the Daleks: Episode 6","Doctor Who: The Evil of the Daleks: Episode 6",https://www.imdb.com/title/tt0810566/,TV Episode,8.1,25,1967,"Adventure, Drama, Family, Sci-Fi",478,1967-06-24,"Derek Martinus",,
169,tt0810567,2020-08-02,2020-08-02,,"Doctor Who: The Evil of the Daleks: Episode 7","Doctor Who: The Evil of the Daleks: Episode 7",https://www.imdb.com/title/tt0810567/,TV Episode,8.4,25,1967,"Adventure, Drama, Family, Sci-Fi",501,1967-07-01,"Derek Martinus, Timothy Combe",,
170,tt0562967,2020-08-02,2020-08-02,,"Doctor Who: The Tomb of the Cybermen: Episode 1","Doctor Who: The Tomb of the Cybermen: Episode 1",https://www.imdb.com/title/tt0562967/,TV Episode,8.2,24,1967,"Adventure, Drama, Family, Sci-Fi",1001,1967-09-02,"Morris Barry",,
171,tt0811466,2020-08-02,2020-08-02,,"Doctor Who: The Tomb of the Cybermen: Episode 2","Doctor Who: The Tomb of the Cybermen: Episode 2",https://www.imdb.com/title/tt0811466/,TV Episode,8.2,25,1967,"Adventure, Drama, Family, Sci-Fi",862,1967-09-09,"Morris Barry",,
172,tt0811467,2020-08-02,2020-08-02,,"Doctor Who: The Tomb of the Cybermen: Episode 3","Doctor Who: The Tomb of the Cybermen: Episode 3",https://www.imdb.com/title/tt0811467/,TV Episode,8.1,24,1967,"Adventure, Drama, Family, Sci-Fi",851,1967-09-16,"Morris Barry",,
173,tt0811468,2020-08-02,2020-08-02,,"Doctor Who: The Tomb of the Cybermen: Episode 4","Doctor Who: The Tomb of the Cybermen: Episode 4",https://www.imdb.com/title/tt0811468/,TV Episode,8.2,24,1967,"Adventure, Drama, Family, Sci-Fi",849,1967-09-23,"Morris Barry",,
174,tt0562886,2020-08-02,2020-08-02,,"Doctor Who: The Abominable Snowmen: Episode One","Doctor Who: The Abominable Snowmen: Episode One",https://www.imdb.com/title/tt0562886/,TV Episode,7.1,23,1967,"Adventure, Drama, Family, Sci-Fi",470,1967-09-30,"Gerald Blake",,
175,tt0811447,2020-08-02,2020-08-02,,"Doctor Who: The Abominable Snowmen: Episode Two","Doctor Who: The Abominable Snowmen: Episode Two",https://www.imdb.com/title/tt0811447/,TV Episode,7.5,23,1967,"Adventure, Drama, Family, Sci-Fi",472,1967-10-07,"Gerald Blake",,
176,tt0811448,2020-08-02,2020-08-02,,"Doctor Who: The Abominable Snowmen: Episode Three","Doctor Who: The Abominable Snowmen: Episode Three",https://www.imdb.com/title/tt0811448/,TV Episode,7.1,24,1967,"Adventure, Drama, Family, Sci-Fi",428,1967-10-14,"Gerald Blake",,
177,tt0811449,2020-08-02,2020-08-02,,"Doctor Who: The Abominable Snowmen: Episode Four","Doctor Who: The Abominable Snowmen: Episode Four",https://www.imdb.com/title/tt0811449/,TV Episode,7.1,24,1967,"Adventure, Drama, Family, Sci-Fi",423,1967-10-21,"Gerald Blake",,
178,tt0811450,2020-08-02,2020-08-02,,"Doctor Who: The Abominable Snowmen: Episode Five","Doctor Who: The Abominable Snowmen: Episode Five",https://www.imdb.com/title/tt0811450/,TV Episode,7.3,24,1967,"Adventure, Drama, Family, Sci-Fi",426,1967-10-28,"Gerald Blake",,
179,tt0811451,2020-08-02,2020-08-02,,"Doctor Who: The Abominable Snowmen: Episode Six","Doctor Who: The Abominable Snowmen: Episode Six",https://www.imdb.com/title/tt0811451/,TV Episode,7.4,24,1967,"Adventure, Drama, Family, Sci-Fi",430,1967-11-04,"Gerald Blake",,
180,tt0562921,2020-08-02,2020-08-02,,"Doctor Who: The Ice Warriors: Episode One","Doctor Who: The Ice Warriors: Episode One",https://www.imdb.com/title/tt0562921/,TV Episode,7.3,24,1967,"Adventure, Drama, Family, Sci-Fi",565,1967-11-11,"Chris Chatterton, Derek Martinus",,
181,tt0811305,2020-08-02,2020-08-02,,"Doctor Who: The Ice Warriors: Episode Two","Doctor Who: The Ice Warriors: Episode Two",https://www.imdb.com/title/tt0811305/,TV Episode,7.2,24,1967,"Adventure, Drama, Family, Sci-Fi",504,1967-11-18,"Derek Martinus",,
182,tt0811306,2020-08-02,2020-08-02,,"Doctor Who: The Ice Warriors: Episode Three","Doctor Who: The Ice Warriors: Episode Three",https://www.imdb.com/title/tt0811306/,TV Episode,7.1,24,1967,"Adventure, Drama, Family, Sci-Fi",496,1967-11-25,"Derek Martinus",,
183,tt0811307,2020-08-02,2020-08-02,,"Doctor Who: The Ice Warriors: Episode Four","Doctor Who: The Ice Warriors: Episode Four",https://www.imdb.com/title/tt0811307/,TV Episode,7.2,24,1967,"Adventure, Drama, Family, Sci-Fi",506,1967-12-02,"Derek Martinus",,
184,tt0811308,2020-08-02,2020-08-02,,"Doctor Who: The Ice Warriors: Episode Five","Doctor Who: The Ice Warriors: Episode Five",https://www.imdb.com/title/tt0811308/,TV Episode,7.3,24,1967,"Adventure, Drama, Family, Sci-Fi",504,1967-12-09,"Derek Martinus",,
185,tt0811309,2020-08-02,2020-08-02,,"Doctor Who: The Ice Warriors: Episode Six","Doctor Who: The Ice Warriors: Episode Six",https://www.imdb.com/title/tt0811309/,TV Episode,7.3,24,1967,"Adventure, Drama, Family, Sci-Fi",500,1967-12-16,"Derek Martinus",,
186,tt0562910,2020-08-02,2020-08-02,,"Doctor Who: The Enemy of the World: Episode 1","Doctor Who: The Enemy of the World: Episode 1",https://www.imdb.com/title/tt0562910/,TV Episode,7.9,24,1967,"Adventure, Drama, Family, Sci-Fi",681,1967-12-23,"Barry Letts",,
187,tt0811295,2020-08-02,2020-08-02,,"Doctor Who: The Enemy of the World: Episode 2","Doctor Who: The Enemy of the World: Episode 2",https://www.imdb.com/title/tt0811295/,TV Episode,7.6,24,1967,"Adventure, Drama, Family, Sci-Fi",617,1967-12-30,"Barry Letts",,
188,tt0811296,2020-08-02,2020-08-02,,"Doctor Who: The Enemy of the World: Episode 3","Doctor Who: The Enemy of the World: Episode 3",https://www.imdb.com/title/tt0811296/,TV Episode,7.5,23,1968,"Adventure, Drama, Family, Sci-Fi",626,1968-01-06,"Barry Letts",,
189,tt0811297,2020-08-02,2020-08-02,,"Doctor Who: The Enemy of the World: Episode 4","Doctor Who: The Enemy of the World: Episode 4",https://www.imdb.com/title/tt0811297/,TV Episode,7.7,24,1968,"Adventure, Drama, Family, Sci-Fi",599,1968-01-13,"Barry Letts",,
190,tt0811298,2020-08-02,2020-08-02,,"Doctor Who: The Enemy of the World: Episode 5","Doctor Who: The Enemy of the World: Episode 5",https://www.imdb.com/title/tt0811298/,TV Episode,7.8,24,1968,"Adventure, Drama, Family, Sci-Fi",599,1968-01-20,"Barry Letts",,
191,tt0811299,2020-08-02,2020-08-02,,"Doctor Who: The Enemy of the World: Episode 6","Doctor Who: The Enemy of the World: Episode 6",https://www.imdb.com/title/tt0811299/,TV Episode,8.1,22,1968,"Adventure, Drama, Family, Sci-Fi",618,1968-01-27,"Barry Letts",,
192,tt0562976,2020-08-02,2020-08-02,,"Doctor Who: The Web of Fear: Episode 1","Doctor Who: The Web of Fear: Episode 1",https://www.imdb.com/title/tt0562976/,TV Episode,8.1,25,1968,"Adventure, Drama, Family, Sci-Fi",686,1968-02-03,"Douglas Camfield",,
193,tt0811365,2020-08-02,2020-08-02,,"Doctor Who: The Web of Fear: Episode 2","Doctor Who: The Web of Fear: Episode 2",https://www.imdb.com/title/tt0811365/,TV Episode,7.9,25,1968,"Adventure, Drama, Family, Sci-Fi",591,1968-02-10,"Douglas Camfield",,
194,tt0811366,2020-08-02,2020-08-02,,"Doctor Who: The Web of Fear: Episode 3","Doctor Who: The Web of Fear: Episode 3",https://www.imdb.com/title/tt0811366/,TV Episode,7.8,24,1968,"Adventure, Drama, Family, Sci-Fi",570,1968-02-17,"Douglas Camfield",,
195,tt0811367,2020-08-02,2020-08-02,,"Doctor Who: The Web of Fear: Episode 4","Doctor Who: The Web of Fear: Episode 4",https://www.imdb.com/title/tt0811367/,TV Episode,8.1,25,1968,"Adventure, Drama, Family, Sci-Fi",583,1968-02-24,"Douglas Camfield",,
196,tt0811368,2020-08-02,2020-08-02,,"Doctor Who: The Web of Fear: Episode 5","Doctor Who: The Web of Fear: Episode 5",https://www.imdb.com/title/tt0811368/,TV Episode,7.9,24,1968,"Adventure, Drama, Family, Sci-Fi",579,1968-03-02,"Douglas Camfield",,
197,tt0811369,2020-08-02,2020-08-02,,"Doctor Who: The Web of Fear: Episode 6","Doctor Who: The Web of Fear: Episode 6",https://www.imdb.com/title/tt0811369/,TV Episode,8.1,25,1968,"Adventure, Drama, Family, Sci-Fi",581,1968-03-09,"Douglas Camfield",,
198,tt0562848,2020-08-02,2020-08-02,,"Doctor Who: Fury from the Deep: Episode 1","Doctor Who: Fury from the Deep: Episode 1",https://www.imdb.com/title/tt0562848/,TV Episode,7.5,25,1968,"Adventure, Drama, Family, Sci-Fi",465,1968-03-16,"Hugh David",,
199,tt0811242,2020-08-02,2020-08-02,,"Doctor Who: Fury from the Deep: Episode 2","Doctor Who: Fury from the Deep: Episode 2",https://www.imdb.com/title/tt0811242/,TV Episode,7.5,23,1968,"Adventure, Drama, Family, Sci-Fi",442,1968-03-23,"Hugh David",,
200,tt0811243,2020-08-02,2020-08-02,,"Doctor Who: Fury from the Deep: Episode 3","Doctor Who: Fury from the Deep: Episode 3",https://www.imdb.com/title/tt0811243/,TV Episode,7.6,21,1968,"Adventure, Drama, Family, Sci-Fi",440,1968-03-30,"Hugh David",,
201,tt0811244,2020-08-02,2020-08-02,,"Doctor Who: Fury from the Deep: Episode 4","Doctor Who: Fury from the Deep: Episode 4",https://www.imdb.com/title/tt0811244/,TV Episode,7.5,24,1968,"Adventure, Drama, Family, Sci-Fi",432,1968-04-06,"Hugh David",,
202,tt0811245,2020-08-02,2020-08-02,,"Doctor Who: Fury from the Deep: Episode 5","Doctor Who: Fury from the Deep: Episode 5",https://www.imdb.com/title/tt0811245/,TV Episode,7.6,24,1968,"Adventure, Drama, Family, Sci-Fi",432,1968-04-13,"Hugh David",,
203,tt0811246,2020-08-02,2020-08-02,,"Doctor Who: Fury from the Deep: Episode 6","Doctor Who: Fury from the Deep: Episode 6",https://www.imdb.com/title/tt0811246/,TV Episode,7.8,25,1968,"Adventure, Drama, Family, Sci-Fi",443,1968-04-20,"Hugh David",,
204,tt0562977,2020-08-02,2020-08-02,,"Doctor Who: The Wheel in Space: Episode 1","Doctor Who: The Wheel in Space: Episode 1",https://www.imdb.com/title/tt0562977/,TV Episode,6.6,23,1968,"Adventure, Drama, Family, Sci-Fi",417,1968-04-27,"Tristan de Vere Cole",,
205,tt0811370,2020-08-02,2020-08-02,,"Doctor Who: The Wheel in Space: Episode 2","Doctor Who: The Wheel in Space: Episode 2",https://www.imdb.com/title/tt0811370/,TV Episode,6.6,22,1968,"Adventure, Drama, Family, Sci-Fi",386,1968-05-04,"Tristan de Vere Cole",,
206,tt0811371,2020-08-02,2020-08-02,,"Doctor Who: The Wheel in Space: Episode 3","Doctor Who: The Wheel in Space: Episode 3",https://www.imdb.com/title/tt0811371/,TV Episode,6.8,24,1968,"Adventure, Drama, Family, Sci-Fi",429,1968-05-11,"Tristan de Vere Cole",,
207,tt0811372,2020-08-02,2020-08-02,,"Doctor Who: The Wheel in Space: Episode 4","Doctor Who: The Wheel in Space: Episode 4",https://www.imdb.com/title/tt0811372/,TV Episode,6.7,24,1968,"Adventure, Drama, Family, Sci-Fi",383,1968-05-18,"Tristan de Vere Cole",,
208,tt0811373,2020-08-02,2020-08-02,,"Doctor Who: The Wheel in Space: Episode 5","Doctor Who: The Wheel in Space: Episode 5",https://www.imdb.com/title/tt0811373/,TV Episode,6.7,21,1968,"Adventure, Drama, Family, Sci-Fi",382,1968-05-25,"Tristan de Vere Cole",,
209,tt0811374,2020-08-02,2020-08-02,,"Doctor Who: The Wheel in Space: Episode 6","Doctor Who: The Wheel in Space: Episode 6",https://www.imdb.com/title/tt0811374/,TV Episode,6.9,23,1968,"Adventure, Drama, Family, Sci-Fi",426,1968-06-01,"Tristan de Vere Cole",,
210,tt0562908,2020-08-02,2020-08-02,,"Doctor Who: The Dominators: Episode 1","Doctor Who: The Dominators: Episode 1",https://www.imdb.com/title/tt0562908/,TV Episode,6.4,24,1968,"Adventure, Drama, Family, Sci-Fi",586,1968-08-10,"Morris Barry",,
211,tt0811452,2020-08-02,2020-08-02,,"Doctor Who: The Dominators: Episode 2","Doctor Who: The Dominators: Episode 2",https://www.imdb.com/title/tt0811452/,TV Episode,6.2,24,1968,"Adventure, Drama, Family, Sci-Fi",526,1968-08-17,"Morris Barry",,
212,tt0811453,2020-08-02,2020-08-02,,"Doctor Who: The Dominators: Episode 3","Doctor Who: The Dominators: Episode 3",https://www.imdb.com/title/tt0811453/,TV Episode,6.1,24,1968,"Adventure, Drama, Family, Sci-Fi",524,1968-08-24,"Morris Barry",,
213,tt0811454,2020-08-02,2020-08-02,,"Doctor Who: The Dominators: Episode 4","Doctor Who: The Dominators: Episode 4",https://www.imdb.com/title/tt0811454/,TV Episode,6.1,24,1968,"Adventure, Drama, Family, Sci-Fi",523,1968-08-31,"Morris Barry",,
214,tt0811455,2020-08-02,2020-08-02,,"Doctor Who: The Dominators: Episode 5","Doctor Who: The Dominators: Episode 5",https://www.imdb.com/title/tt0811455/,TV Episode,6.2,24,1968,"Adventure, Drama, Family, Sci-Fi",527,1968-09-07,"Morris Barry",,
215,tt0562934,2020-08-02,2020-08-02,,"Doctor Who: The Mind Robber: Episode 1","Doctor Who: The Mind Robber: Episode 1",https://www.imdb.com/title/tt0562934/,TV Episode,8.0,22,1968,"Adventure, Drama, Family, Sci-Fi",802,1968-09-14,"David Maloney",,
216,tt0811456,2020-08-02,2020-08-02,,"Doctor Who: The Mind Robber: Episode 2","Doctor Who: The Mind Robber: Episode 2",https://www.imdb.com/title/tt0811456/,TV Episode,7.9,22,1968,"Adventure, Drama, Family, Sci-Fi",716,1968-09-21,"David Maloney",,
217,tt0811457,2020-08-02,2020-08-02,,"Doctor Who: The Mind Robber: Episode 3","Doctor Who: The Mind Robber: Episode 3",https://www.imdb.com/title/tt0811457/,TV Episode,7.7,20,1968,"Adventure, Drama, Family, Sci-Fi",692,1968-09-28,"David Maloney",,
218,tt0811458,2020-08-02,2020-08-02,,"Doctor Who: The Mind Robber: Episode 4","Doctor Who: The Mind Robber: Episode 4",https://www.imdb.com/title/tt0811458/,TV Episode,7.6,20,1968,"Adventure, Drama, Family, Sci-Fi",687,1968-10-05,"David Maloney",,
219,tt0811459,2020-08-02,2020-08-02,,"Doctor Who: The Mind Robber: Episode 5","Doctor Who: The Mind Robber: Episode 5",https://www.imdb.com/title/tt0811459/,TV Episode,7.8,19,1968,"Adventure, Drama, Family, Sci-Fi",708,1968-10-12,"David Maloney",,
220,tt0562922,2020-08-02,2020-08-02,,"Doctor Who: The Invasion: Episode One","Doctor Who: The Invasion: Episode One",https://www.imdb.com/title/tt0562922/,TV Episode,7.8,23,1968,"Adventure, Drama, Family, Sci-Fi",627,1968-11-02,"Douglas Camfield",,
221,tt0811310,2020-08-02,2020-08-02,,"Doctor Who: The Invasion: Episode Two","Doctor Who: The Invasion: Episode Two",https://www.imdb.com/title/tt0811310/,TV Episode,7.9,24,1968,"Adventure, Drama, Family, Sci-Fi",593,1968-11-09,"Douglas Camfield",,
222,tt0811311,2020-08-02,2020-08-02,,"Doctor Who: The Invasion: Episode Three","Doctor Who: The Invasion: Episode Three",https://www.imdb.com/title/tt0811311/,TV Episode,7.7,24,1968,"Adventure, Drama, Family, Sci-Fi",584,1968-11-16,"Douglas Camfield",,
223,tt0811312,2020-08-02,2020-08-02,,"Doctor Who: The Invasion: Episode Four","Doctor Who: The Invasion: Episode Four",https://www.imdb.com/title/tt0811312/,TV Episode,7.8,23,1968,"Adventure, Drama, Family, Sci-Fi",566,1968-11-23,"Douglas Camfield",,
224,tt0811313,2020-08-02,2020-08-02,,"Doctor Who: The Invasion: Episode Five","Doctor Who: The Invasion: Episode Five",https://www.imdb.com/title/tt0811313/,TV Episode,7.9,23,1968,"Adventure, Drama, Family, Sci-Fi",580,1968-11-30,"Douglas Camfield",,
225,tt0811314,2020-08-02,2020-08-02,,"Doctor Who: The Invasion: Episode Six","Doctor Who: The Invasion: Episode Six",https://www.imdb.com/title/tt0811314/,TV Episode,8.0,23,1968,"Adventure, Drama, Family, Sci-Fi",578,1968-12-07,"Douglas Camfield",,
226,tt0811315,2020-08-02,2020-08-02,,"Doctor Who: The Invasion: Episode Seven","Doctor Who: The Invasion: Episode Seven",https://www.imdb.com/title/tt0811315/,TV Episode,8.0,24,1968,"Adventure, Drama, Family, Sci-Fi",577,1968-12-14,"Douglas Camfield",,
227,tt0811316,2020-08-02,2020-08-02,,"Doctor Who: The Invasion: Episode Eight","Doctor Who: The Invasion: Episode Eight",https://www.imdb.com/title/tt0811316/,TV Episode,8.1,23,1968,"Adventure, Drama, Family, Sci-Fi",594,1968-12-21,"Douglas Camfield",,
228,tt0562928,2020-08-02,2020-08-02,,"Doctor Who: The Krotons: Episode One","Doctor Who: The Krotons: Episode One",https://www.imdb.com/title/tt0562928/,TV Episode,6.6,23,1968,"Adventure, Drama, Family, Sci-Fi",555,1968-12-28,"David Maloney",,
229,tt0811317,2020-08-02,2020-08-02,,"Doctor Who: The Krotons: Episode Two","Doctor Who: The Krotons: Episode Two",https://www.imdb.com/title/tt0811317/,TV Episode,6.6,23,1969,"Adventure, Drama, Family, Sci-Fi",511,1969-01-04,"David Maloney",,
230,tt0811318,2020-08-02,2020-08-02,,"Doctor Who: The Krotons: Episode Three","Doctor Who: The Krotons: Episode Three",https://www.imdb.com/title/tt0811318/,TV Episode,6.3,22,1969,"Adventure, Drama, Family, Sci-Fi",508,1969-01-11,"David Maloney",,
231,tt0811319,2020-08-02,2020-08-02,,"Doctor Who: The Krotons: Episode Four","Doctor Who: The Krotons: Episode Four",https://www.imdb.com/title/tt0811319/,TV Episode,6.4,23,1969,"Adventure, Drama, Family, Sci-Fi",511,1969-01-18,"David Maloney",,
232,tt0562951,2020-08-02,2020-08-02,,"Doctor Who: The Seeds of Death: Episode One","Doctor Who: The Seeds of Death: Episode One",https://www.imdb.com/title/tt0562951/,TV Episode,7.2,23,1969,"Adventure, Drama, Family, Sci-Fi",613,1969-01-25,"Michael Ferguson",,
233,tt0811340,2020-08-02,2020-08-02,,"Doctor Who: The Seeds of Death: Episode Two","Doctor Who: The Seeds of Death: Episode Two",https://www.imdb.com/title/tt0811340/,TV Episode,7.1,24,1969,"Adventure, Drama, Family, Sci-Fi",562,1969-02-01,"Michael Ferguson",,
234,tt0811341,2020-08-02,2020-08-02,,"Doctor Who: The Seeds of Death: Episode Three","Doctor Who: The Seeds of Death: Episode Three",https://www.imdb.com/title/tt0811341/,TV Episode,7.1,25,1969,"Adventure, Drama, Family, Sci-Fi",562,1969-02-08,"Michael Ferguson",,
235,tt0811342,2020-08-02,2020-08-02,,"Doctor Who: The Seeds of Death: Episode Four","Doctor Who: The Seeds of Death: Episode Four",https://www.imdb.com/title/tt0811342/,TV Episode,7.1,25,1969,"Adventure, Drama, Family, Sci-Fi",552,1969-02-15,"Michael Ferguson",,
236,tt0811343,2020-08-02,2020-08-02,,"Doctor Who: The Seeds of Death: Episode Five","Doctor Who: The Seeds of Death: Episode Five",https://www.imdb.com/title/tt0811343/,TV Episode,7.1,25,1969,"Adventure, Drama, Family, Sci-Fi",548,1969-02-22,"Michael Ferguson",,
237,tt0811344,2020-08-02,2020-08-02,,"Doctor Who: The Seeds of Death: Episode Six","Doctor Who: The Seeds of Death: Episode Six",https://www.imdb.com/title/tt0811344/,TV Episode,7.2,25,1969,"Adventure, Drama, Family, Sci-Fi",549,1969-03-01,"Michael Ferguson",,
238,tt0562958,2020-08-02,2020-08-02,,"Doctor Who: The Space Pirates: Episode 1","Doctor Who: The Space Pirates: Episode 1",https://www.imdb.com/title/tt0562958/,TV Episode,5.1,24,1969,"Adventure, Drama, Family, Sci-Fi",329,1969-03-08,"Michael Hart",,
239,tt0811346,2020-08-02,2020-08-02,,"Doctor Who: The Space Pirates: Episode Two","Doctor Who: The Space Pirates: Episode Two",https://www.imdb.com/title/tt0811346/,TV Episode,5.6,25,1969,"Adventure, Drama, Family, Sci-Fi",375,1969-03-15,"Michael Hart",,
240,tt0811347,2020-08-02,2020-08-02,,"Doctor Who: The Space Pirates: Episode 3","Doctor Who: The Space Pirates: Episode 3",https://www.imdb.com/title/tt0811347/,TV Episode,5.0,24,1969,"Adventure, Drama, Family, Sci-Fi",309,1969-03-22,"Michael Hart",,
241,tt0811348,2020-08-02,2020-08-02,,"Doctor Who: The Space Pirates: Episode 4","Doctor Who: The Space Pirates: Episode 4",https://www.imdb.com/title/tt0811348/,TV Episode,5.0,23,1969,"Adventure, Drama, Family, Sci-Fi",308,1969-03-29,"Michael Hart",,
242,tt0811349,2020-08-02,2020-08-02,,"Doctor Who: The Space Pirates: Episode 5","Doctor Who: The Space Pirates: Episode 5",https://www.imdb.com/title/tt0811349/,TV Episode,4.9,25,1969,"Adventure, Drama, Family, Sci-Fi",307,1969-04-05,"Michael Hart",,
243,tt0811350,2020-08-02,2020-08-02,,"Doctor Who: The Space Pirates: Episode 6","Doctor Who: The Space Pirates: Episode 6",https://www.imdb.com/title/tt0811350/,TV Episode,4.7,24,1969,"Adventure, Drama, Family, Sci-Fi",313,1969-04-12,"Michael Hart",,
244,tt0562973,2020-08-02,2020-08-02,,"Doctor Who: The War Games: Episode One","Doctor Who: The War Games: Episode One",https://www.imdb.com/title/tt0562973/,TV Episode,8.4,25,1969,"Adventure, Drama, Family, Sci-Fi",753,1969-04-19,"David Maloney",,
245,tt0811357,2020-08-02,2020-08-02,,"Doctor Who: The War Games: Episode Two","Doctor Who: The War Games: Episode Two",https://www.imdb.com/title/tt0811357/,TV Episode,8.3,25,1969,"Adventure, Drama, Family, Sci-Fi",651,1969-04-26,"David Maloney",,
246,tt0811358,2020-08-02,2020-08-02,,"Doctor Who: The War Games: Episode Three","Doctor Who: The War Games: Episode Three",https://www.imdb.com/title/tt0811358/,TV Episode,8.3,24,1969,"Adventure, Drama, Family, Sci-Fi",649,1969-05-03,"David Maloney",,
247,tt0811359,2020-08-02,2020-08-02,,"Doctor Who: The War Games: Episode Four","Doctor Who: The War Games: Episode Four",https://www.imdb.com/title/tt0811359/,TV Episode,8.2,23,1969,"Adventure, Drama, Family, Sci-Fi",634,1969-05-10,"David Maloney",,
248,tt0811360,2020-08-02,2020-08-02,,"Doctor Who: The War Games: Episode Five","Doctor Who: The War Games: Episode Five",https://www.imdb.com/title/tt0811360/,TV Episode,8.2,25,1969,"Adventure, Drama, Family, Sci-Fi",637,1969-05-17,"David Maloney",,
249,tt0811361,2020-08-02,2020-08-02,,"Doctor Who: The War Games: Episode Six","Doctor Who: The War Games: Episode Six",https://www.imdb.com/title/tt0811361/,TV Episode,8.1,23,1969,"Adventure, Drama, Family, Sci-Fi",623,1969-05-24,"David Maloney",,
250,tt0811362,2020-08-02,2020-08-02,,"Doctor Who: The War Games: Episode Seven","Doctor Who: The War Games: Episode Seven",https://www.imdb.com/title/tt0811362/,TV Episode,8.1,22,1969,"Adventure, Drama, Family, Sci-Fi",627,1969-05-31,"David Maloney",,
251,tt0811363,2020-08-02,2020-08-02,,"Doctor Who: The War Games: Episode Eight","Doctor Who: The War Games: Episode Eight",https://www.imdb.com/title/tt0811363/,TV Episode,8.3,25,1969,"Adventure, Drama, Family, Sci-Fi",633,1969-06-07,"David Maloney",,
252,tt0811364,2020-08-02,2020-08-02,,"Doctor Who: The War Games: Episode Nine","Doctor Who: The War Games: Episode Nine",https://www.imdb.com/title/tt0811364/,TV Episode,8.8,25,1969,"Adventure, Drama, Family, Sci-Fi",662,1969-06-14,"David Maloney",,
253,tt0811356,2020-08-02,2020-08-02,,"Doctor Who: The War Games: Episode Ten","Doctor Who: The War Games: Episode Ten",https://www.imdb.com/title/tt0811356/,TV Episode,9.1,24,1969,"Adventure, Drama, Family, Sci-Fi",806,1969-06-21,"David Maloney",,
254,tt0562879,2020-08-02,2020-08-02,,"Doctor Who: Spearhead from Space: Episode 1","Doctor Who: Spearhead from Space: Episode 1",https://www.imdb.com/title/tt0562879/,TV Episode,8.1,24,1970,"Adventure, Drama, Family, Sci-Fi",1178,1970-01-03,"Derek Martinus",,
255,tt0811440,2020-08-02,2020-08-02,,"Doctor Who: Spearhead from Space: Episode 2","Doctor Who: Spearhead from Space: Episode 2",https://www.imdb.com/title/tt0811440/,TV Episode,8.0,24,1970,"Adventure, Drama, Family, Sci-Fi",999,1970-01-10,"Derek Martinus",,
256,tt0811442,2020-08-02,2020-08-02,,"Doctor Who: Spearhead from Space: Episode 3","Doctor Who: Spearhead from Space: Episode 3",https://www.imdb.com/title/tt0811442/,TV Episode,8.0,24,1970,"Adventure, Drama, Family, Sci-Fi",965,1970-01-17,"Derek Martinus",,
257,tt0811443,2020-08-02,2020-08-02,,"Doctor Who: Spearhead from Space: Episode 4","Doctor Who: Spearhead from Space: Episode 4",https://www.imdb.com/title/tt0811443/,TV Episode,8.2,25,1970,"Adventure, Drama, Family, Sci-Fi",978,1970-01-24,"Derek Martinus",,
258,tt0562954,2020-08-02,2020-08-02,,"Doctor Who: Doctor Who and the Silurians: Episode 1","Doctor Who: Doctor Who and the Silurians: Episode 1",https://www.imdb.com/title/tt0562954/,TV Episode,7.6,24,1970,"Adventure, Drama, Family, Sci-Fi",858,1970-01-31,"Timothy Combe",,
259,tt0811231,2020-08-02,2020-08-02,,"Doctor Who: Doctor Who and the Silurians: Episode 2","Doctor Who: Doctor Who and the Silurians: Episode 2",https://www.imdb.com/title/tt0811231/,TV Episode,7.6,23,1970,"Adventure, Drama, Family, Sci-Fi",762,1970-02-07,"Timothy Combe",,
260,tt0811232,2020-08-02,2020-08-02,,"Doctor Who: Doctor Who and the Silurians: Episode 3","Doctor Who: Doctor Who and the Silurians: Episode 3",https://www.imdb.com/title/tt0811232/,TV Episode,7.6,23,1970,"Adventure, Drama, Family, Sci-Fi",755,1970-02-14,"Timothy Combe",,
261,tt0811233,2020-08-02,2020-08-02,,"Doctor Who: Doctor Who and the Silurians: Episode 4","Doctor Who: Doctor Who and the Silurians: Episode 4",https://www.imdb.com/title/tt0811233/,TV Episode,7.7,25,1970,"Adventure, Drama, Family, Sci-Fi",739,1970-02-21,"Timothy Combe",,
262,tt0811234,2020-08-02,2020-08-02,,"Doctor Who: Doctor Who and the Silurians: Episode 5","Doctor Who: Doctor Who and the Silurians: Episode 5",https://www.imdb.com/title/tt0811234/,TV Episode,7.7,24,1970,"Adventure, Drama, Family, Sci-Fi",735,1970-02-28,"Timothy Combe",,
263,tt0811235,2020-08-02,2020-08-02,,"Doctor Who: Doctor Who and the Silurians: Episode 6","Doctor Who: Doctor Who and the Silurians: Episode 6",https://www.imdb.com/title/tt0811235/,TV Episode,7.8,24,1970,"Adventure, Drama, Family, Sci-Fi",742,1970-03-07,"Timothy Combe",,
264,tt0811236,2020-08-02,2020-08-02,,"Doctor Who: Doctor Who and the Silurians: Episode 7","Doctor Who: Doctor Who and the Silurians: Episode 7",https://www.imdb.com/title/tt0811236/,TV Episode,8.0,23,1970,"Adventure, Drama, Family, Sci-Fi",755,1970-03-14,"Timothy Combe",,
265,tt0562887,2020-08-02,2020-08-02,,"Doctor Who: The Ambassadors of Death: Episode 1","Doctor Who: The Ambassadors of Death: Episode 1",https://www.imdb.com/title/tt0562887/,TV Episode,7.4,25,1970,"Adventure, Drama, Family, Sci-Fi",717,1970-03-21,"Michael Ferguson",,
266,tt0811276,2020-08-02,2020-08-02,,"Doctor Who: The Ambassadors of Death: Episode 2","Doctor Who: The Ambassadors of Death: Episode 2",https://www.imdb.com/title/tt0811276/,TV Episode,7.3,25,1970,"Adventure, Drama, Family, Sci-Fi",633,1970-03-28,"Michael Ferguson",,
267,tt0811277,2020-08-02,2020-08-02,,"Doctor Who: The Ambassadors of Death: Episode 3","Doctor Who: The Ambassadors of Death: Episode 3",https://www.imdb.com/title/tt0811277/,TV Episode,7.3,25,1970,"Adventure, Drama, Family, Sci-Fi",629,1970-04-04,"Michael Ferguson",,
268,tt0811278,2020-08-02,2020-08-02,,"Doctor Who: The Ambassadors of Death: Episode 4","Doctor Who: The Ambassadors of Death: Episode 4",https://www.imdb.com/title/tt0811278/,TV Episode,7.3,25,1970,"Adventure, Drama, Family, Sci-Fi",622,1970-04-11,"Michael Ferguson",,
269,tt0811279,2020-08-02,2020-08-02,,"Doctor Who: The Ambassadors of Death: Episode 5","Doctor Who: The Ambassadors of Death: Episode 5",https://www.imdb.com/title/tt0811279/,TV Episode,7.2,24,1970,"Adventure, Drama, Family, Sci-Fi",619,1970-04-18,"Michael Ferguson",,
270,tt0811280,2020-08-02,2020-08-02,,"Doctor Who: The Ambassadors of Death: Episode 6","Doctor Who: The Ambassadors of Death: Episode 6",https://www.imdb.com/title/tt0811280/,TV Episode,7.3,25,1970,"Adventure, Drama, Family, Sci-Fi",614,1970-04-25,"Michael Ferguson",,
271,tt0811281,2020-08-02,2020-08-02,,"Doctor Who: The Ambassadors of Death: Episode 7","Doctor Who: The Ambassadors of Death: Episode 7",https://www.imdb.com/title/tt0811281/,TV Episode,7.3,25,1970,"Adventure, Drama, Family, Sci-Fi",619,1970-05-02,"Michael Ferguson",,
272,tt0562854,2020-08-02,2020-08-02,,"Doctor Who: Inferno: Episode 1","Doctor Who: Inferno: Episode 1",https://www.imdb.com/title/tt0562854/,TV Episode,8.1,23,1970,"Adventure, Drama, Family, Sci-Fi",888,1970-05-09,"Douglas Camfield",,
273,tt0811252,2020-08-02,2020-08-02,,"Doctor Who: Inferno: Episode 2","Doctor Who: Inferno: Episode 2",https://www.imdb.com/title/tt0811252/,TV Episode,8.0,22,1970,"Adventure, Drama, Family, Sci-Fi",769,1970-05-16,"Douglas Camfield",,
274,tt0811253,2020-08-02,2020-08-02,,"Doctor Who: Inferno: Episode 3","Doctor Who: Inferno: Episode 3",https://www.imdb.com/title/tt0811253/,TV Episode,8.4,25,1970,"Adventure, Drama, Family, Sci-Fi",774,1970-05-23,"Douglas Camfield, Barry Letts",,
275,tt0811254,2020-08-02,2020-08-02,,"Doctor Who: Inferno: Episode 4","Doctor Who: Inferno: Episode 4",https://www.imdb.com/title/tt0811254/,TV Episode,8.3,25,1970,"Adventure, Drama, Family, Sci-Fi",756,1970-05-30,"Douglas Camfield, Barry Letts",,
276,tt0811255,2020-08-02,2020-08-02,,"Doctor Who: Inferno: Episode 5","Doctor Who: Inferno: Episode 5",https://www.imdb.com/title/tt0811255/,TV Episode,8.2,24,1970,"Adventure, Drama, Family, Sci-Fi",758,1970-06-06,"Douglas Camfield, Barry Letts",,
277,tt0811256,2020-08-02,2020-08-02,,"Doctor Who: Inferno: Episode 6","Doctor Who: Inferno: Episode 6",https://www.imdb.com/title/tt0811256/,TV Episode,8.5,24,1970,"Adventure, Drama, Family, Sci-Fi",777,1970-06-13,"Douglas Camfield, Barry Letts",,
278,tt0811257,2020-08-02,2020-08-02,,"Doctor Who: Inferno: Episode 7","Doctor Who: Inferno: Episode 7",https://www.imdb.com/title/tt0811257/,TV Episode,8.4,25,1970,"Adventure, Drama, Family, Sci-Fi",770,1970-06-20,"Douglas Camfield, Barry Letts",,
279,tt0562883,2020-08-02,2020-08-02,,"Doctor Who: Terror of the Autons: Episode One","Doctor Who: Terror of the Autons: Episode One",https://www.imdb.com/title/tt0562883/,TV Episode,7.6,25,1971,"Adventure, Drama, Family, Sci-Fi",823,1971-01-02,"Barry Letts",,
280,tt0811444,2020-08-02,2020-08-02,,"Doctor Who: Terror of the Autons: Episode Two","Doctor Who: Terror of the Autons: Episode Two",https://www.imdb.com/title/tt0811444/,TV Episode,7.6,25,1971,"Adventure, Drama, Family, Sci-Fi",722,1971-01-09,"Barry Letts",,
281,tt0811445,2020-08-02,2020-08-02,,"Doctor Who: Terror of the Autons: Episode Three","Doctor Who: Terror of the Autons: Episode Three",https://www.imdb.com/title/tt0811445/,TV Episode,7.7,24,1971,"Adventure, Drama, Family, Sci-Fi",717,1971-01-16,"Barry Letts",,
282,tt0811446,2020-08-02,2020-08-02,,"Doctor Who: Terror of the Autons: Episode Four","Doctor Who: Terror of the Autons: Episode Four",https://www.imdb.com/title/tt0811446/,TV Episode,7.7,22,1971,"Adventure, Drama, Family, Sci-Fi",729,1971-01-23,"Barry Letts",,
283,tt0562935,2020-08-02,2020-08-02,,"Doctor Who: The Mind of Evil: Episode One","Doctor Who: The Mind of Evil: Episode One",https://www.imdb.com/title/tt0562935/,TV Episode,7.4,25,1971,"Adventure, Drama, Family, Sci-Fi",662,1971-01-30,"Timothy Combe",,
284,tt0811320,2020-08-02,2020-08-02,,"Doctor Who: The Mind of Evil: Episode Two","Doctor Who: The Mind of Evil: Episode Two",https://www.imdb.com/title/tt0811320/,TV Episode,7.3,25,1971,"Adventure, Drama, Family, Sci-Fi",612,1971-02-06,"Timothy Combe",,
285,tt0811321,2020-08-02,2020-08-02,,"Doctor Who: The Mind of Evil: Episode Three","Doctor Who: The Mind of Evil: Episode Three",https://www.imdb.com/title/tt0811321/,TV Episode,7.4,24,1971,"Adventure, Drama, Family, Sci-Fi",605,1971-02-13,"Timothy Combe",,
286,tt0811322,2020-08-02,2020-08-02,,"Doctor Who: The Mind of Evil: Episode Four","Doctor Who: The Mind of Evil: Episode Four",https://www.imdb.com/title/tt0811322/,TV Episode,7.3,25,1971,"Adventure, Drama, Family, Sci-Fi",595,1971-02-20,"Timothy Combe",,
287,tt0811323,2020-08-02,2020-08-02,,"Doctor Who: The Mind of Evil: Episode Five","Doctor Who: The Mind of Evil: Episode Five",https://www.imdb.com/title/tt0811323/,TV Episode,7.4,24,1971,"Adventure, Drama, Family, Sci-Fi",594,1971-02-27,"Timothy Combe",,
288,tt0811324,2020-08-02,2020-08-02,,"Doctor Who: The Mind of Evil: Episode Six","Doctor Who: The Mind of Evil: Episode Six",https://www.imdb.com/title/tt0811324/,TV Episode,7.5,25,1971,"Adventure, Drama, Family, Sci-Fi",601,1971-03-06,"Timothy Combe",,
289,tt0562899,2020-08-02,2020-08-02,,"Doctor Who: The Claws of Axos: Episode One","Doctor Who: The Claws of Axos: Episode One",https://www.imdb.com/title/tt0562899/,TV Episode,7.2,24,1971,"Adventure, Drama, Family, Sci-Fi",711,1971-03-13,"Michael Ferguson",,
290,tt0811285,2020-08-02,2020-08-02,,"Doctor Who: The Claws of Axos: Episode Two","Doctor Who: The Claws of Axos: Episode Two",https://www.imdb.com/title/tt0811285/,TV Episode,7.1,24,1971,"Adventure, Drama, Family, Sci-Fi",650,1971-03-20,"Michael Ferguson",,
291,tt0811286,2020-08-02,2020-08-02,,"Doctor Who: The Claws of Axos: Episode Three","Doctor Who: The Claws of Axos: Episode Three",https://www.imdb.com/title/tt0811286/,TV Episode,7.1,24,1971,"Adventure, Drama, Family, Sci-Fi",635,1971-03-27,"Michael Ferguson",,
292,tt0811287,2020-08-02,2020-08-02,,"Doctor Who: The Claws of Axos: Episode Four","Doctor Who: The Claws of Axos: Episode Four",https://www.imdb.com/title/tt0811287/,TV Episode,7.2,25,1971,"Adventure, Drama, Family, Sci-Fi",640,1971-04-03,"Michael Ferguson",,
293,tt0562836,2020-08-02,2020-08-02,,"Doctor Who: Colony in Space: Episode One","Doctor Who: Colony in Space: Episode One",https://www.imdb.com/title/tt0562836/,TV Episode,7.0,24,1971,"Adventure, Drama, Family, Sci-Fi",620,1971-04-10,"Michael E. Briant",,
294,tt0811223,2020-08-02,2020-08-02,,"Doctor Who: Colony in Space: Episode Two","Doctor Who: Colony in Space: Episode Two",https://www.imdb.com/title/tt0811223/,TV Episode,7.0,23,1971,"Adventure, Drama, Family, Sci-Fi",566,1971-04-17,"Michael E. Briant",,
295,tt0811224,2020-08-02,2020-08-02,,"Doctor Who: Colony in Space: Episode Three","Doctor Who: Colony in Space: Episode Three",https://www.imdb.com/title/tt0811224/,TV Episode,6.8,24,1971,"Adventure, Drama, Family, Sci-Fi",561,1971-04-24,"Michael E. Briant",,
296,tt0811225,2020-08-02,2020-08-02,,"Doctor Who: Colony in Space: Episode Four","Doctor Who: Colony in Space: Episode Four",https://www.imdb.com/title/tt0811225/,TV Episode,6.8,24,1971,"Adventure, Drama, Family, Sci-Fi",560,1971-05-01,"Michael E. Briant",,
297,tt0811226,2020-08-02,2020-08-02,,"Doctor Who: Colony in Space: Episode Five","Doctor Who: Colony in Space: Episode Five",https://www.imdb.com/title/tt0811226/,TV Episode,6.8,25,1971,"Adventure, Drama, Family, Sci-Fi",559,1971-05-08,"Michael E. Briant",,
298,tt0811227,2020-08-02,2020-08-02,,"Doctor Who: Colony in Space: Episode Six","Doctor Who: Colony in Space: Episode Six",https://www.imdb.com/title/tt0811227/,TV Episode,6.9,25,1971,"Adventure, Drama, Family, Sci-Fi",565,1971-05-15,"Michael E. Briant",,
299,tt0562909,2020-08-02,2020-08-02,,"Doctor Who: The Dæmons: Episode One","Doctor Who: The Dæmons: Episode One",https://www.imdb.com/title/tt0562909/,TV Episode,7.8,25,1971,"Adventure, Drama, Family, Sci-Fi",762,1971-05-22,"Christopher Barry",,
300,tt0811291,2020-08-02,2020-08-02,,"Doctor Who: The Dæmons: Episode Two","Doctor Who: The Dæmons: Episode Two",https://www.imdb.com/title/tt0811291/,TV Episode,7.7,24,1971,"Adventure, Drama, Family, Sci-Fi",662,1971-05-29,"Christopher Barry",,
301,tt0811292,2020-08-02,2020-08-02,,"Doctor Who: The Dæmons: Episode Three","Doctor Who: The Dæmons: Episode Three",https://www.imdb.com/title/tt0811292/,TV Episode,7.6,24,1971,"Adventure, Drama, Family, Sci-Fi",645,1971-06-05,"Christopher Barry",,
302,tt0811293,2020-08-02,2020-08-02,,"Doctor Who: The Dæmons: Episode Four","Doctor Who: The Dæmons: Episode Four",https://www.imdb.com/title/tt0811293/,TV Episode,7.7,24,1971,"Adventure, Drama, Family, Sci-Fi",648,1971-06-12,"Christopher Barry",,
303,tt0811294,2020-08-02,2020-08-02,,"Doctor Who: The Dæmons: Episode Five","Doctor Who: The Dæmons: Episode Five",https://www.imdb.com/title/tt0811294/,TV Episode,7.7,24,1971,"Adventure, Drama, Family, Sci-Fi",659,1971-06-19,"Christopher Barry",,
304,tt0562837,2020-08-02,2020-08-02,,"Doctor Who: Day of the Daleks: Episode One","Doctor Who: Day of the Daleks: Episode One",https://www.imdb.com/title/tt0562837/,TV Episode,7.6,24,1972,"Adventure, Drama, Family, Sci-Fi",715,1972-01-01,"Paul Bernard",,
305,tt0811433,2020-08-02,2020-08-02,,"Doctor Who: Day of the Daleks: Episode Two","Doctor Who: Day of the Daleks: Episode Two",https://www.imdb.com/title/tt0811433/,TV Episode,7.6,24,1972,"Adventure, Drama, Family, Sci-Fi",635,1972-01-08,"Paul Bernard",,
306,tt0811434,2020-08-02,2020-08-02,,"Doctor Who: Day of the Daleks: Episode Three","Doctor Who: Day of the Daleks: Episode Three",https://www.imdb.com/title/tt0811434/,TV Episode,7.7,24,1972,"Adventure, Drama, Family, Sci-Fi",637,1972-01-15,"Paul Bernard",,
307,tt0811435,2020-08-02,2020-08-02,,"Doctor Who: Day of the Daleks: Episode Four","Doctor Who: Day of the Daleks: Episode Four",https://www.imdb.com/title/tt0811435/,TV Episode,7.9,24,1972,"Adventure, Drama, Family, Sci-Fi",643,1972-01-22,"Paul Bernard",,
308,tt0562903,2020-08-02,2020-08-02,,"Doctor Who: The Curse of Peladon: Episode One","Doctor Who: The Curse of Peladon: Episode One",https://www.imdb.com/title/tt0562903/,TV Episode,7.4,25,1972,"Adventure, Drama, Family, Sci-Fi",661,1972-01-29,"Lennie Mayne",,
309,tt0811288,2020-08-02,2020-08-02,,"Doctor Who: The Curse of Peladon: Episode Two","Doctor Who: The Curse of Peladon: Episode Two",https://www.imdb.com/title/tt0811288/,TV Episode,7.4,25,1972,"Adventure, Drama, Family, Sci-Fi",602,1972-02-05,"Lennie Mayne",,
310,tt0811289,2020-08-02,2020-08-02,,"Doctor Who: The Curse of Peladon: Episode Three","Doctor Who: The Curse of Peladon: Episode Three",https://www.imdb.com/title/tt0811289/,TV Episode,7.5,24,1972,"Adventure, Drama, Family, Sci-Fi",602,1972-02-12,"Lennie Mayne",,
311,tt0811290,2020-08-02,2020-08-02,,"Doctor Who: The Curse of Peladon: Episode Four","Doctor Who: The Curse of Peladon: Episode Four",https://www.imdb.com/title/tt0811290/,TV Episode,7.5,24,1972,"Adventure, Drama, Family, Sci-Fi",603,1972-02-19,"Lennie Mayne",,
312,tt0562950,2020-08-02,2020-08-02,,"Doctor Who: The Sea Devils: Episode One","Doctor Who: The Sea Devils: Episode One",https://www.imdb.com/title/tt0562950/,TV Episode,7.8,25,1972,"Adventure, Drama, Family, Sci-Fi",743,1972-02-26,"Michael E. Briant",,
313,tt0811335,2020-08-02,2020-08-02,,"Doctor Who: The Sea Devils: Episode Two","Doctor Who: The Sea Devils: Episode Two",https://www.imdb.com/title/tt0811335/,TV Episode,7.7,25,1972,"Adventure, Drama, Family, Sci-Fi",664,1972-03-04,"Michael E. Briant",,
314,tt0811336,2020-08-02,2020-08-02,,"Doctor Who: The Sea Devils: Episode Three","Doctor Who: The Sea Devils: Episode Three",https://www.imdb.com/title/tt0811336/,TV Episode,7.6,24,1972,"Adventure, Drama, Family, Sci-Fi",658,1972-03-11,"Michael E. Briant",,
315,tt0811337,2020-08-02,2020-08-02,,"Doctor Who: The Sea Devils: Episode Four","Doctor Who: The Sea Devils: Episode Four",https://www.imdb.com/title/tt0811337/,TV Episode,7.6,24,1972,"Adventure, Drama, Family, Sci-Fi",647,1972-03-18,"Michael E. Briant",,
316,tt0811338,2020-08-02,2020-08-02,,"Doctor Who: The Sea Devils: Episode Five","Doctor Who: The Sea Devils: Episode Five",https://www.imdb.com/title/tt0811338/,TV Episode,7.7,25,1972,"Adventure, Drama, Family, Sci-Fi",646,1972-03-25,"Michael E. Briant",,
317,tt0811339,2020-08-02,2020-08-02,,"Doctor Who: The Sea Devils: Episode Six","Doctor Who: The Sea Devils: Episode Six",https://www.imdb.com/title/tt0811339/,TV Episode,7.7,25,1972,"Adventure, Drama, Family, Sci-Fi",647,1972-04-01,"Michael E. Briant",,
318,tt0562938,2020-08-02,2020-08-02,,"Doctor Who: The Mutants: Episode One","Doctor Who: The Mutants: Episode One",https://www.imdb.com/title/tt0562938/,TV Episode,6.6,24,1972,"Adventure, Drama, Family, Sci-Fi",576,1972-04-08,"Christopher Barry",,
319,tt0811330,2020-08-02,2020-08-02,,"Doctor Who: The Mutants: Episode Two","Doctor Who: The Mutants: Episode Two",https://www.imdb.com/title/tt0811330/,TV Episode,6.6,24,1972,"Adventure, Drama, Family, Sci-Fi",521,1972-04-15,"Christopher Barry",,
320,tt0811331,2020-08-02,2020-08-02,,"Doctor Who: The Mutants: Episode Three","Doctor Who: The Mutants: Episode Three",https://www.imdb.com/title/tt0811331/,TV Episode,6.5,25,1972,"Adventure, Drama, Family, Sci-Fi",518,1972-04-22,"Christopher Barry",,
321,tt0811332,2020-08-02,2020-08-02,,"Doctor Who: The Mutants: Episode Four","Doctor Who: The Mutants: Episode Four",https://www.imdb.com/title/tt0811332/,TV Episode,6.6,24,1972,"Adventure, Drama, Family, Sci-Fi",520,1972-04-29,"Christopher Barry",,
322,tt0811333,2020-08-02,2020-08-02,,"Doctor Who: The Mutants: Episode Five","Doctor Who: The Mutants: Episode Five",https://www.imdb.com/title/tt0811333/,TV Episode,6.5,25,1972,"Adventure, Drama, Family, Sci-Fi",516,1972-05-06,"Christopher Barry",,
323,tt0811334,2020-08-02,2020-08-02,,"Doctor Who: The Mutants: Episode Six","Doctor Who: The Mutants: Episode Six",https://www.imdb.com/title/tt0811334/,TV Episode,6.5,24,1972,"Adventure, Drama, Family, Sci-Fi",522,1972-05-13,"Christopher Barry",,
324,tt0562965,2020-08-02,2020-08-02,,"Doctor Who: The Time Monster: Episode One","Doctor Who: The Time Monster: Episode One",https://www.imdb.com/title/tt0562965/,TV Episode,6.7,25,1972,"Adventure, Drama, Family, Sci-Fi",571,1972-05-20,"Paul Bernard",,
325,tt0811351,2020-08-02,2020-08-02,,"Doctor Who: The Time Monster: Episode Two","Doctor Who: The Time Monster: Episode Two",https://www.imdb.com/title/tt0811351/,TV Episode,6.6,25,1972,"Adventure, Drama, Family, Sci-Fi",518,1972-05-27,"Paul Bernard",,
326,tt0811352,2020-08-02,2020-08-02,,"Doctor Who: The Time Monster: Episode Three","Doctor Who: The Time Monster: Episode Three",https://www.imdb.com/title/tt0811352/,TV Episode,6.4,24,1972,"Adventure, Drama, Family, Sci-Fi",517,1972-06-03,"Paul Bernard",,
327,tt0811353,2020-08-02,2020-08-02,,"Doctor Who: The Time Monster: Episode Four","Doctor Who: The Time Monster: Episode Four",https://www.imdb.com/title/tt0811353/,TV Episode,6.9,24,1972,"Adventure, Drama, Family, Sci-Fi",514,1972-06-10,"Paul Bernard",,
328,tt0811354,2020-08-02,2020-08-02,,"Doctor Who: The Time Monster: Episode Five","Doctor Who: The Time Monster: Episode Five",https://www.imdb.com/title/tt0811354/,TV Episode,6.6,25,1972,"Adventure, Drama, Family, Sci-Fi",530,1972-06-17,"Paul Bernard",,
329,tt0811355,2020-08-02,2020-08-02,,"Doctor Who: The Time Monster: Episode Six","Doctor Who: The Time Monster: Episode Six",https://www.imdb.com/title/tt0811355/,TV Episode,6.7,25,1972,"Adventure, Drama, Family, Sci-Fi",527,1972-06-24,"Paul Bernard",,
330,tt0562963,2020-08-02,2020-08-02,,"Doctor Who: The Three Doctors: Episode One","Doctor Who: The Three Doctors: Episode One",https://www.imdb.com/title/tt0562963/,TV Episode,8.2,25,1972,"Adventure, Drama, Family, Sci-Fi",968,1972-12-30,"Lennie Mayne",,
331,tt0811460,2020-08-02,2020-08-02,,"Doctor Who: The Three Doctors: Episode Two","Doctor Who: The Three Doctors: Episode Two",https://www.imdb.com/title/tt0811460/,TV Episode,8.1,24,1973,"Adventure, Drama, Family, Sci-Fi",834,1973-01-06,"Lennie Mayne",,
332,tt0811461,2020-08-02,2020-08-02,,"Doctor Who: The Three Doctors: Episode Three","Doctor Who: The Three Doctors: Episode Three",https://www.imdb.com/title/tt0811461/,TV Episode,8.1,24,1973,"Adventure, Drama, Family, Sci-Fi",830,1973-01-13,"Lennie Mayne",,
333,tt0811462,2020-08-02,2020-08-02,,"Doctor Who: The Three Doctors: Episode Four","Doctor Who: The Three Doctors: Episode Four",https://www.imdb.com/title/tt0811462/,TV Episode,8.3,25,1973,"Adventure, Drama, Family, Sci-Fi",841,1973-01-20,"Lennie Mayne",,
334,tt0562833,2020-08-02,2020-08-02,,"Doctor Who: Carnival of Monsters: Episode One","Doctor Who: Carnival of Monsters: Episode One",https://www.imdb.com/title/tt0562833/,TV Episode,7.7,25,1973,"Adventure, Drama, Family, Sci-Fi",756,1973-01-27,"Barry Letts",,
335,tt0811220,2020-08-02,2020-08-02,,"Doctor Who: Carnival of Monsters: Episode Two","Doctor Who: Carnival of Monsters: Episode Two",https://www.imdb.com/title/tt0811220/,TV Episode,7.7,24,1973,"Adventure, Drama, Family, Sci-Fi",657,1973-02-03,"Barry Letts",,
336,tt0811221,2020-08-02,2020-08-02,,"Doctor Who: Carnival of Monsters: Episode Three","Doctor Who: Carnival of Monsters: Episode Three",https://www.imdb.com/title/tt0811221/,TV Episode,7.6,25,1973,"Adventure, Drama, Family, Sci-Fi",653,1973-02-10,"Barry Letts",,
337,tt0811222,2020-08-02,2020-08-02,,"Doctor Who: Carnival of Monsters: Episode Four","Doctor Who: Carnival of Monsters: Episode Four",https://www.imdb.com/title/tt0811222/,TV Episode,7.6,24,1973,"Adventure, Drama, Family, Sci-Fi",666,1973-02-17,"Barry Letts",,
338,tt0562845,2020-08-02,2020-08-02,,"Doctor Who: Frontier in Space: Episode One","Doctor Who: Frontier in Space: Episode One",https://www.imdb.com/title/tt0562845/,TV Episode,7.4,23,1973,"Adventure, Drama, Family, Sci-Fi",619,1973-02-24,"Paul Bernard",,
339,tt0811237,2020-08-02,2020-08-02,,"Doctor Who: Frontier in Space: Episode Two","Doctor Who: Frontier in Space: Episode Two",https://www.imdb.com/title/tt0811237/,TV Episode,7.4,24,1973,"Adventure, Drama, Family, Sci-Fi",565,1973-03-03,"Paul Bernard",,
340,tt0811238,2020-08-02,2020-08-02,,"Doctor Who: Frontier in Space: Episode Three","Doctor Who: Frontier in Space: Episode Three",https://www.imdb.com/title/tt0811238/,TV Episode,7.5,24,1973,"Adventure, Drama, Family, Sci-Fi",559,1973-03-10,"Paul Bernard",,
341,tt0811239,2020-08-02,2020-08-02,,"Doctor Who: Frontier in Space: Episode Four","Doctor Who: Frontier in Space: Episode Four",https://www.imdb.com/title/tt0811239/,TV Episode,7.5,24,1973,"Adventure, Drama, Family, Sci-Fi",562,1973-03-17,"Paul Bernard",,
342,tt0811240,2020-08-02,2020-08-02,,"Doctor Who: Frontier in Space: Episode Five","Doctor Who: Frontier in Space: Episode Five",https://www.imdb.com/title/tt0811240/,TV Episode,7.5,24,1973,"Adventure, Drama, Family, Sci-Fi",556,1973-03-24,"Paul Bernard",,
343,tt0811241,2020-08-02,2020-08-02,,"Doctor Who: Frontier in Space: Episode Six","Doctor Who: Frontier in Space: Episode Six",https://www.imdb.com/title/tt0811241/,TV Episode,7.6,25,1973,"Adventure, Drama, Family, Sci-Fi",572,1973-03-31,"Paul Bernard, David Maloney",,
344,tt0562868,2020-08-02,2020-08-02,,"Doctor Who: Planet of the Daleks: Episode One","Doctor Who: Planet of the Daleks: Episode One",https://www.imdb.com/title/tt0562868/,TV Episode,7.3,25,1973,"Adventure, Drama, Family, Sci-Fi",633,1973-04-07,"David Maloney",,
345,tt0811263,2020-08-02,2020-08-02,,"Doctor Who: Planet of the Daleks: Episode Two","Doctor Who: Planet of the Daleks: Episode Two",https://www.imdb.com/title/tt0811263/,TV Episode,7.3,24,1973,"Adventure, Drama, Family, Sci-Fi",575,1973-04-14,"David Maloney",,
346,tt0811264,2020-08-02,2020-08-02,,"Doctor Who: Planet of the Daleks: Episode Three","Doctor Who: Planet of the Daleks: Episode Three",https://www.imdb.com/title/tt0811264/,TV Episode,7.3,23,1973,"Adventure, Drama, Family, Sci-Fi",570,1973-04-21,"David Maloney",,
347,tt0811265,2020-08-02,2020-08-02,,"Doctor Who: Planet of the Daleks: Episode Four","Doctor Who: Planet of the Daleks: Episode Four",https://www.imdb.com/title/tt0811265/,TV Episode,7.2,24,1973,"Adventure, Drama, Family, Sci-Fi",565,1973-04-28,"David Maloney",,
348,tt0811266,2020-08-02,2020-08-02,,"Doctor Who: Planet of the Daleks: Episode Five","Doctor Who: Planet of the Daleks: Episode Five",https://www.imdb.com/title/tt0811266/,TV Episode,7.2,23,1973,"Adventure, Drama, Family, Sci-Fi",551,1973-05-05,"David Maloney",,
349,tt0811267,2020-08-02,2020-08-02,,"Doctor Who: Planet of the Daleks: Episode Six","Doctor Who: Planet of the Daleks: Episode Six",https://www.imdb.com/title/tt0811267/,TV Episode,7.4,23,1973,"Adventure, Drama, Family, Sci-Fi",560,1973-05-12,"David Maloney",,
350,tt0562915,2020-08-02,2020-08-02,,"Doctor Who: The Green Death: Episode One","Doctor Who: The Green Death: Episode One",https://www.imdb.com/title/tt0562915/,TV Episode,7.9,26,1973,"Adventure, Drama, Family, Sci-Fi",734,1973-05-19,"Michael E. Briant",,
351,tt0811300,2020-08-02,2020-08-02,,"Doctor Who: The Green Death: Episode Two","Doctor Who: The Green Death: Episode Two",https://www.imdb.com/title/tt0811300/,TV Episode,7.8,26,1973,"Adventure, Drama, Family, Sci-Fi",639,1973-05-26,"Michael E. Briant",,
352,tt0811301,2020-08-02,2020-08-02,,"Doctor Who: The Green Death: Episode Three","Doctor Who: The Green Death: Episode Three",https://www.imdb.com/title/tt0811301/,TV Episode,7.9,25,1973,"Adventure, Drama, Family, Sci-Fi",633,1973-06-02,"Michael E. Briant",,
353,tt0811302,2020-08-02,2020-08-02,,"Doctor Who: The Green Death: Episode Four","Doctor Who: The Green Death: Episode Four",https://www.imdb.com/title/tt0811302/,TV Episode,7.9,26,1973,"Adventure, Drama, Family, Sci-Fi",629,1973-06-09,"Michael E. Briant",,
354,tt0811303,2020-08-02,2020-08-02,,"Doctor Who: The Green Death: Episode Five","Doctor Who: The Green Death: Episode Five",https://www.imdb.com/title/tt0811303/,TV Episode,7.9,25,1973,"Adventure, Drama, Family, Sci-Fi",631,1973-06-16,"Michael E. Briant",,
355,tt0811304,2020-08-02,2020-08-02,,"Doctor Who: The Green Death: Episode Six","Doctor Who: The Green Death: Episode Six",https://www.imdb.com/title/tt0811304/,TV Episode,8.1,26,1973,"Adventure, Drama, Family, Sci-Fi",650,1973-06-23,"Michael E. Briant",,
356,tt0562966,2020-08-02,2020-08-02,,"Doctor Who: The Time Warrior: Part One","Doctor Who: The Time Warrior: Part One",https://www.imdb.com/title/tt0562966/,TV Episode,7.9,24,1973,"Adventure, Drama, Family, Sci-Fi",751,1973-12-15,"Alan Bromly",,
357,tt0811463,2020-08-02,2020-08-02,,"Doctor Who: The Time Warrior: Part Two","Doctor Who: The Time Warrior: Part Two",https://www.imdb.com/title/tt0811463/,TV Episode,7.9,24,1973,"Adventure, Drama, Family, Sci-Fi",647,1973-12-22,"Alan Bromly",,
358,tt0811464,2020-08-02,2020-08-02,,"Doctor Who: The Time Warrior: Part Three","Doctor Who: The Time Warrior: Part Three",https://www.imdb.com/title/tt0811464/,TV Episode,7.9,24,1973,"Adventure, Drama, Family, Sci-Fi",642,1973-12-29,"Alan Bromly",,
359,tt0811465,2020-08-02,2020-08-02,,"Doctor Who: The Time Warrior: Part Four","Doctor Who: The Time Warrior: Part Four",https://www.imdb.com/title/tt0811465/,TV Episode,7.9,25,1974,"Adventure, Drama, Family, Sci-Fi",651,1974-01-05,"Alan Bromly",,
360,tt0562855,2020-08-02,2020-08-02,,"Doctor Who: Invasion: Part One","Doctor Who: Invasion: Part One",https://www.imdb.com/title/tt0562855/,TV Episode,7.5,26,1974,"Adventure, Drama, Family, Sci-Fi",585,1974-01-12,"Paddy Russell",,
361,tt0811258,2020-08-02,2020-08-02,,"Doctor Who: Invasion of the Dinosaurs: Part Two","Doctor Who: Invasion of the Dinosaurs: Part Two",https://www.imdb.com/title/tt0811258/,TV Episode,7.3,25,1974,"Adventure, Drama, Family, Sci-Fi",533,1974-01-19,"Paddy Russell",,
362,tt0811259,2020-08-02,2020-08-02,,"Doctor Who: Invasion of the Dinosaurs: Part Three","Doctor Who: Invasion of the Dinosaurs: Part Three",https://www.imdb.com/title/tt0811259/,TV Episode,7.3,23,1974,"Adventure, Drama, Family, Sci-Fi",523,1974-01-26,"Paddy Russell",,
363,tt0811260,2020-08-02,2020-08-02,,"Doctor Who: Invasion of the Dinosaurs: Part Four","Doctor Who: Invasion of the Dinosaurs: Part Four",https://www.imdb.com/title/tt0811260/,TV Episode,7.3,24,1974,"Adventure, Drama, Family, Sci-Fi",519,1974-02-02,"Paddy Russell",,
364,tt0811261,2020-08-02,2020-08-02,,"Doctor Who: Invasion of the Dinosaurs: Part Five","Doctor Who: Invasion of the Dinosaurs: Part Five",https://www.imdb.com/title/tt0811261/,TV Episode,7.3,25,1974,"Adventure, Drama, Family, Sci-Fi",516,1974-02-09,"Paddy Russell",,
365,tt0811262,2020-08-02,2020-08-02,,"Doctor Who: Invasion of the Dinosaurs: Part Six","Doctor Who: Invasion of the Dinosaurs: Part Six",https://www.imdb.com/title/tt0811262/,TV Episode,7.4,26,1974,"Adventure, Drama, Family, Sci-Fi",527,1974-02-16,"Paddy Russell",,
366,tt0562838,2020-08-02,2020-08-02,,"Doctor Who: Death to the Daleks: Part One","Doctor Who: Death to the Daleks: Part One",https://www.imdb.com/title/tt0562838/,TV Episode,7.1,25,1974,"Adventure, Drama, Family, Sci-Fi",604,1974-02-23,"Michael E. Briant",,
367,tt0811228,2020-08-02,2020-08-02,,"Doctor Who: Death to the Daleks: Part Two","Doctor Who: Death to the Daleks: Part Two",https://www.imdb.com/title/tt0811228/,TV Episode,7.0,24,1974,"Adventure, Drama, Family, Sci-Fi",536,1974-03-02,"Michael E. Briant",,
368,tt0811229,2020-08-02,2020-08-02,,"Doctor Who: Death to the Daleks: Part Three","Doctor Who: Death to the Daleks: Part Three",https://www.imdb.com/title/tt0811229/,TV Episode,7.1,24,1974,"Adventure, Drama, Family, Sci-Fi",534,1974-03-09,"Michael E. Briant",,
369,tt0811230,2020-08-02,2020-08-02,,"Doctor Who: Death to the Daleks: Part Four","Doctor Who: Death to the Daleks: Part Four",https://www.imdb.com/title/tt0811230/,TV Episode,7.1,25,1974,"Adventure, Drama, Family, Sci-Fi",541,1974-03-16,"Michael E. Briant",,
370,tt0562936,2020-08-02,2020-08-02,,"Doctor Who: The Monster of Peladon: Part One","Doctor Who: The Monster of Peladon: Part One",https://www.imdb.com/title/tt0562936/,TV Episode,6.6,25,1974,"Adventure, Drama, Family, Sci-Fi",535,1974-03-23,"Lennie Mayne",,
371,tt0811325,2020-08-02,2020-08-02,,"Doctor Who: The Monster of Peladon: Part Two","Doctor Who: The Monster of Peladon: Part Two",https://www.imdb.com/title/tt0811325/,TV Episode,6.5,24,1974,"Adventure, Drama, Family, Sci-Fi",479,1974-03-30,"Lennie Mayne",,
372,tt0811326,2020-08-02,2020-08-02,,"Doctor Who: The Monster of Peladon: Part Three","Doctor Who: The Monster of Peladon: Part Three",https://www.imdb.com/title/tt0811326/,TV Episode,6.5,25,1974,"Adventure, Drama, Family, Sci-Fi",473,1974-04-06,"Lennie Mayne",,
373,tt0811327,2020-08-02,2020-08-02,,"Doctor Who: The Monster of Peladon: Part Four","Doctor Who: The Monster of Peladon: Part Four",https://www.imdb.com/title/tt0811327/,TV Episode,6.6,25,1974,"Adventure, Drama, Family, Sci-Fi",467,1974-04-13,"Lennie Mayne",,
374,tt0811328,2020-08-02,2020-08-02,,"Doctor Who: The Monster of Peladon: Part Five","Doctor Who: The Monster of Peladon: Part Five",https://www.imdb.com/title/tt0811328/,TV Episode,6.6,24,1974,"Adventure, Drama, Family, Sci-Fi",470,1974-04-20,"Lennie Mayne",,
375,tt0811329,2020-08-02,2020-08-02,,"Doctor Who: The Monster of Peladon: Part Six","Doctor Who: The Monster of Peladon: Part Six",https://www.imdb.com/title/tt0811329/,TV Episode,6.6,24,1974,"Adventure, Drama, Family, Sci-Fi",471,1974-04-27,"Lennie Mayne",,
376,tt0562869,2020-08-02,2020-08-02,,"Doctor Who: Planet of the Spiders: Part One","Doctor Who: Planet of the Spiders: Part One",https://www.imdb.com/title/tt0562869/,TV Episode,7.5,25,1974,"Adventure, Drama, Family, Sci-Fi",613,1974-05-04,"Barry Letts",,
377,tt0811268,2020-08-02,2020-08-02,,"Doctor Who: Planet of the Spiders: Part Two","Doctor Who: Planet of the Spiders: Part Two",https://www.imdb.com/title/tt0811268/,TV Episode,7.3,25,1974,"Adventure, Drama, Family, Sci-Fi",557,1974-05-11,"Barry Letts",,
378,tt0811269,2020-08-02,2020-08-02,,"Doctor Who: Planet of the Spiders: Part Three","Doctor Who: Planet of the Spiders: Part Three",https://www.imdb.com/title/tt0811269/,TV Episode,7.3,25,1974,"Adventure, Drama, Family, Sci-Fi",544,1974-05-18,"Barry Letts",,
379,tt0811270,2020-08-02,2020-08-02,,"Doctor Who: Planet of the Spiders: Part Four","Doctor Who: Planet of the Spiders: Part Four",https://www.imdb.com/title/tt0811270/,TV Episode,7.3,24,1974,"Adventure, Drama, Family, Sci-Fi",539,1974-05-25,"Barry Letts",,
380,tt0811271,2020-08-02,2020-08-02,,"Doctor Who: Planet of the Spiders: Part Five","Doctor Who: Planet of the Spiders: Part Five",https://www.imdb.com/title/tt0811271/,TV Episode,7.4,24,1974,"Adventure, Drama, Family, Sci-Fi",539,1974-06-01,"Barry Letts",,
381,tt0811272,2020-08-02,2020-08-02,,"Doctor Who: Planet of the Spiders: Part Six","Doctor Who: Planet of the Spiders: Part Six",https://www.imdb.com/title/tt0811272/,TV Episode,8.1,25,1974,"Adventure, Drama, Family, Sci-Fi",581,1974-06-08,"Barry Letts",,
382,tt0562875,2020-08-02,2020-08-02,,"Doctor Who: Robot: Part One","Doctor Who: Robot: Part One",https://www.imdb.com/title/tt0562875/,TV Episode,7.6,24,1974,"Adventure, Drama, Family, Sci-Fi",997,1974-12-28,"Christopher Barry",,
383,tt0811436,2020-08-02,2020-08-02,,"Doctor Who: Robot: Part Two","Doctor Who: Robot: Part Two",https://www.imdb.com/title/tt0811436/,TV Episode,7.3,25,1975,"Adventure, Drama, Family, Sci-Fi",854,1975-01-04,"Christopher Barry",,
384,tt0811437,2020-08-02,2020-08-02,,"Doctor Who: Robot: Part Three","Doctor Who: Robot: Part Three",https://www.imdb.com/title/tt0811437/,TV Episode,7.2,24,1975,"Adventure, Drama, Family, Sci-Fi",843,1975-01-11,"Christopher Barry",,
385,tt0811438,2020-08-02,2020-08-02,,"Doctor Who: Robot: Part Four","Doctor Who: Robot: Part Four",https://www.imdb.com/title/tt0811438/,TV Episode,7.2,24,1975,"Adventure, Drama, Family, Sci-Fi",856,1975-01-18,"Christopher Barry",,
386,tt0562891,2020-08-02,2020-08-02,,"Doctor Who: The Ark in Space: Part One","Doctor Who: The Ark in Space: Part One",https://www.imdb.com/title/tt0562891/,TV Episode,8.1,25,1975,"Adventure, Drama, Family, Sci-Fi",1059,1975-01-25,"Rodney Bennett",,
387,tt0811282,2020-08-02,2020-08-02,,"Doctor Who: The Ark in Space: Part Two","Doctor Who: The Ark in Space: Part Two",https://www.imdb.com/title/tt0811282/,TV Episode,8.0,25,1975,"Adventure, Drama, Family, Sci-Fi",922,1975-02-01,"Rodney Bennett",,
388,tt0811283,2020-08-02,2020-08-02,,"Doctor Who: The Ark in Space: Part Three","Doctor Who: The Ark in Space: Part Three",https://www.imdb.com/title/tt0811283/,TV Episode,8.0,24,1975,"Adventure, Drama, Family, Sci-Fi",903,1975-02-08,"Rodney Bennett",,
389,tt0811284,2020-08-02,2020-08-02,,"Doctor Who: The Ark in Space: Part Four","Doctor Who: The Ark in Space: Part Four",https://www.imdb.com/title/tt0811284/,TV Episode,8.1,25,1975,"Adventure, Drama, Family, Sci-Fi",911,1975-02-15,"Rodney Bennett",,
390,tt0562956,2020-08-02,2020-08-02,,"Doctor Who: The Sontaran Experiment: Part One","Doctor Who: The Sontaran Experiment: Part One",https://www.imdb.com/title/tt0562956/,TV Episode,7.2,24,1975,"Adventure, Drama, Family, Sci-Fi",895,1975-02-22,"Rodney Bennett",,
391,tt0811345,2020-08-02,2020-08-02,,"Doctor Who: The Sontaran Experiment: Part Two","Doctor Who: The Sontaran Experiment: Part Two",https://www.imdb.com/title/tt0811345/,TV Episode,7.2,25,1975,"Adventure, Drama, Family, Sci-Fi",823,1975-03-01,"Rodney Bennett",,
392,tt0562850,2020-08-02,2020-08-02,,"Doctor Who: Genesis of the Daleks: Part One","Doctor Who: Genesis of the Daleks: Part One",https://www.imdb.com/title/tt0562850/,TV Episode,8.9,24,1975,"Adventure, Drama, Family, Sci-Fi",1346,1975-03-08,"David Maloney",,
393,tt0811247,2020-08-02,2020-08-02,,"Doctor Who: Genesis of the Daleks: Part Two","Doctor Who: Genesis of the Daleks: Part Two",https://www.imdb.com/title/tt0811247/,TV Episode,8.9,25,1975,"Adventure, Drama, Family, Sci-Fi",1070,1975-03-15,"David Maloney",,
394,tt0811248,2020-08-02,2020-08-02,,"Doctor Who: Genesis of the Daleks: Part Three","Doctor Who: Genesis of the Daleks: Part Three",https://www.imdb.com/title/tt0811248/,TV Episode,8.7,23,1975,"Adventure, Drama, Family, Sci-Fi",1037,1975-03-22,"David Maloney",,
395,tt0811249,2020-08-02,2020-08-02,,"Doctor Who: Genesis of the Daleks: Part Four","Doctor Who: Genesis of the Daleks: Part Four",https://www.imdb.com/title/tt0811249/,TV Episode,8.9,24,1975,"Adventure, Drama, Family, Sci-Fi",1035,1975-03-29,"David Maloney",,
396,tt0811250,2020-08-02,2020-08-02,,"Doctor Who: Genesis of the Daleks: Part Five","Doctor Who: Genesis of the Daleks: Part Five",https://www.imdb.com/title/tt0811250/,TV Episode,8.9,23,1975,"Adventure, Drama, Family, Sci-Fi",1050,1975-04-05,"David Maloney",,
397,tt0811251,2020-08-02,2020-08-02,,"Doctor Who: Genesis of the Daleks: Part Six","Doctor Who: Genesis of the Daleks: Part Six",https://www.imdb.com/title/tt0811251/,TV Episode,9.1,24,1975,"Adventure, Drama, Family, Sci-Fi",1163,1975-04-12,"David Maloney",,
398,tt0562874,2020-08-02,2020-08-02,,"Doctor Who: Revenge of the Cybermen: Part One","Doctor Who: Revenge of the Cybermen: Part One",https://www.imdb.com/title/tt0562874/,TV Episode,7.0,24,1975,"Adventure, Drama, Family, Sci-Fi",769,1975-04-19,"Michael E. Briant",,
399,tt0811273,2020-08-02,2020-08-02,,"Doctor Who: Revenge of the Cybermen: Part Two","Doctor Who: Revenge of the Cybermen: Part Two",https://www.imdb.com/title/tt0811273/,TV Episode,6.9,24,1975,"Adventure, Drama, Family, Sci-Fi",687,1975-04-26,"Michael E. Briant",,
400,tt0811274,2020-08-02,2020-08-02,,"Doctor Who: Revenge of the Cybermen: Part Three","Doctor Who: Revenge of the Cybermen: Part Three",https://www.imdb.com/title/tt0811274/,TV Episode,6.9,25,1975,"Adventure, Drama, Family, Sci-Fi",679,1975-05-03,"Michael E. Briant",,
401,tt0811275,2020-08-02,2020-08-02,,"Doctor Who: Revenge of the Cybermen: Part Four","Doctor Who: Revenge of the Cybermen: Part Four",https://www.imdb.com/title/tt0811275/,TV Episode,7.0,23,1975,"Adventure, Drama, Family, Sci-Fi",674,1975-05-10,"Michael E. Briant",,
402,tt0562885,2020-08-02,2020-08-02,,"Doctor Who: Terror of the Zygons: Part One","Doctor Who: Terror of the Zygons: Part One",https://www.imdb.com/title/tt0562885/,TV Episode,8.1,22,1975,"Adventure, Drama, Family, Sci-Fi",815,1975-08-30,"Douglas Camfield",,
403,tt0811853,2020-08-02,2020-08-02,,"Doctor Who: Terror of the Zygons: Part Two","Doctor Who: Terror of the Zygons: Part Two",https://www.imdb.com/title/tt0811853/,TV Episode,8.1,25,1975,"Adventure, Drama, Family, Sci-Fi",723,1975-09-06,"Douglas Camfield",,
404,tt0811854,2020-08-02,2020-08-02,,"Doctor Who: Terror of the Zygons: Part Three","Doctor Who: Terror of the Zygons: Part Three",https://www.imdb.com/title/tt0811854/,TV Episode,8.0,24,1975,"Adventure, Drama, Family, Sci-Fi",716,1975-09-13,"Douglas Camfield",,
405,tt0811855,2020-08-02,2020-08-02,,"Doctor Who: Terror of the Zygons: Part Four","Doctor Who: Terror of the Zygons: Part Four",https://www.imdb.com/title/tt0811855/,TV Episode,8.0,25,1975,"Adventure, Drama, Family, Sci-Fi",720,1975-09-20,"Douglas Camfield",,
406,tt0562865,2020-08-02,2020-08-02,,"Doctor Who: Planet of Evil: Part One","Doctor Who: Planet of Evil: Part One",https://www.imdb.com/title/tt0562865/,TV Episode,7.4,24,1975,"Adventure, Drama, Family, Sci-Fi",702,1975-09-27,"David Maloney",,
407,tt0811823,2020-08-02,2020-08-02,,"Doctor Who: Planet of Evil: Part Two","Doctor Who: Planet of Evil: Part Two",https://www.imdb.com/title/tt0811823/,TV Episode,7.3,22,1975,"Adventure, Drama, Family, Sci-Fi",619,1975-10-04,"David Maloney",,
408,tt0811824,2020-08-02,2020-08-02,,"Doctor Who: Planet of Evil: Part Three","Doctor Who: Planet of Evil: Part Three",https://www.imdb.com/title/tt0811824/,TV Episode,7.3,24,1975,"Adventure, Drama, Family, Sci-Fi",614,1975-10-11,"David Maloney",,
409,tt0811825,2020-08-02,2020-08-02,,"Doctor Who: Planet of Evil: Part Four","Doctor Who: Planet of Evil: Part Four",https://www.imdb.com/title/tt0811825/,TV Episode,7.2,24,1975,"Adventure, Drama, Family, Sci-Fi",608,1975-10-18,"David Maloney",,
410,tt0562870,2020-08-02,2020-08-02,,"Doctor Who: Pyramids of Mars: Part One","Doctor Who: Pyramids of Mars: Part One",https://www.imdb.com/title/tt0562870/,TV Episode,8.4,25,1975,"Adventure, Drama, Family, Sci-Fi",1048,1975-10-25,"Paddy Russell",,
411,tt0811829,2020-08-02,2020-08-02,,"Doctor Who: Pyramids of Mars: Part Two","Doctor Who: Pyramids of Mars: Part Two",https://www.imdb.com/title/tt0811829/,TV Episode,8.3,24,1975,"Adventure, Drama, Family, Sci-Fi",893,1975-11-01,"Paddy Russell",,
412,tt0811830,2020-08-02,2020-08-02,,"Doctor Who: Pyramids of Mars: Part Three","Doctor Who: Pyramids of Mars: Part Three",https://www.imdb.com/title/tt0811830/,TV Episode,8.3,25,1975,"Adventure, Drama, Family, Sci-Fi",881,1975-11-08,"Paddy Russell",,
413,tt0811831,2020-08-02,2020-08-02,,"Doctor Who: Pyramids of Mars: Part Four","Doctor Who: Pyramids of Mars: Part Four",https://www.imdb.com/title/tt0811831/,TV Episode,8.5,25,1975,"Adventure, Drama, Family, Sci-Fi",909,1975-11-15,"Paddy Russell",,
414,tt0562888,2020-08-02,2020-08-02,,"Doctor Who: The Android Invasion: Part One","Doctor Who: The Android Invasion: Part One",https://www.imdb.com/title/tt0562888/,TV Episode,7.6,24,1975,"Adventure, Drama, Family, Sci-Fi",663,1975-11-22,"Barry Letts",,
415,tt0811856,2020-08-02,2020-08-02,,"Doctor Who: The Android Invasion: Part Two","Doctor Who: The Android Invasion: Part Two",https://www.imdb.com/title/tt0811856/,TV Episode,7.4,24,1975,"Adventure, Drama, Family, Sci-Fi",590,1975-11-29,"Barry Letts",,
416,tt0811857,2020-08-02,2020-08-02,,"Doctor Who: The Android Invasion: Part Three","Doctor Who: The Android Invasion: Part Three",https://www.imdb.com/title/tt0811857/,TV Episode,7.3,25,1975,"Adventure, Drama, Family, Sci-Fi",586,1975-12-06,"Barry Letts",,
417,tt0811858,2020-08-02,2020-08-02,,"Doctor Who: The Android Invasion: Part Four","Doctor Who: The Android Invasion: Part Four",https://www.imdb.com/title/tt0811858/,TV Episode,7.2,23,1975,"Adventure, Drama, Family, Sci-Fi",587,1975-12-13,"Barry Letts",,
418,tt0144171,2020-08-02,2020-08-02,,"Doctor Who: The Brain of Morbius: Part One","Doctor Who: The Brain of Morbius: Part One",https://www.imdb.com/title/tt0144171/,TV Episode,8.2,25,1976,"Adventure, Drama, Family, Sci-Fi",776,1976-01-03,"Christopher Barry",,
419,tt0811868,2020-08-02,2020-08-02,,"Doctor Who: The Brain of Morbius: Part Two","Doctor Who: The Brain of Morbius: Part Two",https://www.imdb.com/title/tt0811868/,TV Episode,8.2,25,1976,"Adventure, Drama, Family, Sci-Fi",679,1976-01-10,"Christopher Barry",,
420,tt0811869,2020-08-02,2020-08-02,,"Doctor Who: The Brain of Morbius: Part Three","Doctor Who: The Brain of Morbius: Part Three",https://www.imdb.com/title/tt0811869/,TV Episode,8.2,25,1976,"Adventure, Drama, Family, Sci-Fi",676,1976-01-17,"Christopher Barry",,
421,tt0811870,2020-08-02,2020-08-02,,"Doctor Who: The Brain of Morbius: Part Four","Doctor Who: The Brain of Morbius: Part Four",https://www.imdb.com/title/tt0811870/,TV Episode,8.3,24,1976,"Adventure, Drama, Family, Sci-Fi",697,1976-01-24,"Christopher Barry",,
422,tt0562952,2020-08-02,2020-08-02,,"Doctor Who: The Seeds of Doom: Part One","Doctor Who: The Seeds of Doom: Part One",https://www.imdb.com/title/tt0562952/,TV Episode,8.5,24,1976,"Adventure, Drama, Family, Sci-Fi",775,1976-01-31,"Douglas Camfield",,
423,tt0811731,2020-08-02,2020-08-02,,"Doctor Who: The Seeds of Doom: Part Two","Doctor Who: The Seeds of Doom: Part Two",https://www.imdb.com/title/tt0811731/,TV Episode,8.5,24,1976,"Adventure, Drama, Family, Sci-Fi",654,1976-02-07,"Douglas Camfield",,
424,tt0811732,2020-08-02,2020-08-02,,"Doctor Who: The Seeds of Doom: Part Three","Doctor Who: The Seeds of Doom: Part Three",https://www.imdb.com/title/tt0811732/,TV Episode,8.4,25,1976,"Adventure, Drama, Family, Sci-Fi",652,1976-02-14,"Douglas Camfield",,
425,tt0811733,2020-08-02,2020-08-02,,"Doctor Who: The Seeds of Doom: Part Four","Doctor Who: The Seeds of Doom: Part Four",https://www.imdb.com/title/tt0811733/,TV Episode,8.4,24,1976,"Adventure, Drama, Family, Sci-Fi",643,1976-02-21,"Douglas Camfield",,
426,tt0811734,2020-08-02,2020-08-02,,"Doctor Who: The Seeds of Doom: Part Five","Doctor Who: The Seeds of Doom: Part Five",https://www.imdb.com/title/tt0811734/,TV Episode,8.5,25,1976,"Adventure, Drama, Family, Sci-Fi",650,1976-02-28,"Douglas Camfield",,
427,tt0811735,2020-08-02,2020-08-02,,"Doctor Who: The Seeds of Doom: Part Six","Doctor Who: The Seeds of Doom: Part Six",https://www.imdb.com/title/tt0811735/,TV Episode,8.5,22,1976,"Adventure, Drama, Family, Sci-Fi",663,1976-03-06,"Douglas Camfield",,
428,tt0562932,2020-08-02,2020-08-02,,"Doctor Who: The Masque of Mandragora: Part One","Doctor Who: The Masque of Mandragora: Part One",https://www.imdb.com/title/tt0562932/,TV Episode,7.4,25,1976,"Adventure, Drama, Family, Sci-Fi",661,1976-09-04,"Rodney Bennett",,
429,tt0811713,2020-08-02,2020-08-02,,"Doctor Who: The Masque of Mandragora: Part Two","Doctor Who: The Masque of Mandragora: Part Two",https://www.imdb.com/title/tt0811713/,TV Episode,7.3,25,1976,"Adventure, Drama, Family, Sci-Fi",595,1976-09-11,"Rodney Bennett",,
430,tt0811714,2020-08-02,2020-08-02,,"Doctor Who: The Masque of Mandragora: Part Three","Doctor Who: The Masque of Mandragora: Part Three",https://www.imdb.com/title/tt0811714/,TV Episode,7.3,25,1976,"Adventure, Drama, Family, Sci-Fi",579,1976-09-18,"Rodney Bennett",,
431,tt0811715,2020-08-02,2020-08-02,,"Doctor Who: The Masque of Mandragora: Part Four","Doctor Who: The Masque of Mandragora: Part Four",https://www.imdb.com/title/tt0811715/,TV Episode,7.3,25,1976,"Adventure, Drama, Family, Sci-Fi",591,1976-09-25,"Rodney Bennett",,
432,tt0562917,2020-08-02,2020-08-02,,"Doctor Who: The Hand of Fear: Part One","Doctor Who: The Hand of Fear: Part One",https://www.imdb.com/title/tt0562917/,TV Episode,7.6,25,1976,"Adventure, Drama, Family, Sci-Fi",704,1976-10-02,"Lennie Mayne",,
433,tt0811689,2020-08-02,2020-08-02,,"Doctor Who: The Hand of Fear: Part Two","Doctor Who: The Hand of Fear: Part Two",https://www.imdb.com/title/tt0811689/,TV Episode,7.6,25,1976,"Adventure, Drama, Family, Sci-Fi",631,1976-10-09,"Lennie Mayne",,
434,tt0811690,2020-08-02,2020-08-02,,"Doctor Who: The Hand of Fear: Part Three","Doctor Who: The Hand of Fear: Part Three",https://www.imdb.com/title/tt0811690/,TV Episode,7.7,24,1976,"Adventure, Drama, Family, Sci-Fi",629,1976-10-16,"Lennie Mayne",,
435,tt0811691,2020-08-02,2020-08-02,,"Doctor Who: The Hand of Fear: Part Four","Doctor Who: The Hand of Fear: Part Four",https://www.imdb.com/title/tt0811691/,TV Episode,7.8,25,1976,"Adventure, Drama, Family, Sci-Fi",644,1976-10-23,"Lennie Mayne",,
436,tt0562907,2020-08-02,2020-08-02,,"Doctor Who: The Deadly Assassin: Part One","Doctor Who: The Deadly Assassin: Part One",https://www.imdb.com/title/tt0562907/,TV Episode,8.3,21,1976,"Adventure, Drama, Family, Sci-Fi",814,1976-10-30,"David Maloney",,
437,tt0811880,2020-08-02,2020-08-02,,"Doctor Who: The Deadly Assassin: Part Two","Doctor Who: The Deadly Assassin: Part Two",https://www.imdb.com/title/tt0811880/,TV Episode,8.3,25,1976,"Adventure, Drama, Family, Sci-Fi",701,1976-11-06,"David Maloney",,
438,tt0811881,2020-08-02,2020-08-02,,"Doctor Who: The Deadly Assassin: Part Three","Doctor Who: The Deadly Assassin: Part Three",https://www.imdb.com/title/tt0811881/,TV Episode,8.2,24,1976,"Adventure, Drama, Family, Sci-Fi",703,1976-11-13,"David Maloney",,
439,tt0811882,2020-08-02,2020-08-02,,"Doctor Who: The Deadly Assassin: Part Four","Doctor Who: The Deadly Assassin: Part Four",https://www.imdb.com/title/tt0811882/,TV Episode,8.3,24,1976,"Adventure, Drama, Family, Sci-Fi",713,1976-11-20,"David Maloney",,
440,tt0562912,2020-08-02,2020-08-02,,"Doctor Who: The Face of Evil: Part One","Doctor Who: The Face of Evil: Part One",https://www.imdb.com/title/tt0562912/,TV Episode,7.6,25,1977,"Adventure, Drama, Family, Sci-Fi",674,1977-01-01,"Pennant Roberts",,
441,tt0811884,2020-08-02,2020-08-02,,"Doctor Who: The Face of Evil: Part Three","Doctor Who: The Face of Evil: Part Three",https://www.imdb.com/title/tt0811884/,TV Episode,7.5,25,1977,"Adventure, Drama, Family, Sci-Fi",586,1977-01-15,"Pennant Roberts",,
442,tt0811883,2020-08-02,2020-08-02,,"Doctor Who: The Face of Evil: Part Two","Doctor Who: The Face of Evil: Part Two",https://www.imdb.com/title/tt0811883/,TV Episode,7.5,25,1977,"Adventure, Drama, Family, Sci-Fi",594,1977-01-08,"Pennant Roberts",,
443,tt0811885,2020-08-02,2020-08-02,,"Doctor Who: The Face of Evil: Part Four","Doctor Who: The Face of Evil: Part Four",https://www.imdb.com/title/tt0811885/,TV Episode,7.5,25,1977,"Adventure, Drama, Family, Sci-Fi",592,1977-01-22,"Pennant Roberts",,
444,tt0302492,2020-08-02,2020-08-02,,"Doctor Who: The Robots of Death: Part One","Doctor Who: The Robots of Death: Part One",https://www.imdb.com/title/tt0302492/,TV Episode,8.3,24,1977,"Adventure, Drama, Family, Sci-Fi",895,1977-01-29,"Michael E. Briant",,
445,tt0811728,2020-08-02,2020-08-02,,"Doctor Who: The Robots of Death: Part Two","Doctor Who: The Robots of Death: Part Two",https://www.imdb.com/title/tt0811728/,TV Episode,8.4,24,1977,"Adventure, Drama, Family, Sci-Fi",738,1977-02-05,"Michael E. Briant",,
446,tt0811729,2020-08-02,2020-08-02,,"Doctor Who: The Robots of Death: Part Three","Doctor Who: The Robots of Death: Part Three",https://www.imdb.com/title/tt0811729/,TV Episode,8.4,24,1977,"Adventure, Drama, Family, Sci-Fi",725,1977-02-12,"Michael E. Briant",,
447,tt0811730,2020-08-02,2020-08-02,,"Doctor Who: The Robots of Death: Part Four","Doctor Who: The Robots of Death: Part Four",https://www.imdb.com/title/tt0811730/,TV Episode,8.5,24,1977,"Adventure, Drama, Family, Sci-Fi",735,1977-02-19,"Michael E. Briant",,
448,tt0562961,2020-08-02,2020-08-02,,"Doctor Who: The Talons of Weng-Chiang: Part One","Doctor Who: The Talons of Weng-Chiang: Part One",https://www.imdb.com/title/tt0562961/,TV Episode,8.6,25,1977,"Adventure, Drama, Family, Sci-Fi",931,1977-02-26,"David Maloney",,
449,tt0811742,2020-08-02,2020-08-02,,"Doctor Who: The Talons of Weng-Chiang: Part Two","Doctor Who: The Talons of Weng-Chiang: Part Two",https://www.imdb.com/title/tt0811742/,TV Episode,8.4,25,1977,"Adventure, Drama, Family, Sci-Fi",740,1977-03-05,"David Maloney",,
450,tt0811743,2020-08-02,2020-08-02,,"Doctor Who: The Talons of Weng-Chiang: Part Three","Doctor Who: The Talons of Weng-Chiang: Part Three",https://www.imdb.com/title/tt0811743/,TV Episode,8.4,22,1977,"Adventure, Drama, Family, Sci-Fi",733,1977-03-12,"David Maloney",,
451,tt0811744,2020-08-02,2020-08-02,,"Doctor Who: The Talons of Weng-Chiang: Part Four","Doctor Who: The Talons of Weng-Chiang: Part Four",https://www.imdb.com/title/tt0811744/,TV Episode,8.4,25,1977,"Adventure, Drama, Family, Sci-Fi",721,1977-03-19,"David Maloney",,
452,tt0811745,2020-08-02,2020-08-02,,"Doctor Who: The Talons of Weng-Chiang: Part Five","Doctor Who: The Talons of Weng-Chiang: Part Five",https://www.imdb.com/title/tt0811745/,TV Episode,8.5,25,1977,"Adventure, Drama, Family, Sci-Fi",719,1977-03-26,"David Maloney",,
453,tt0811746,2020-08-02,2020-08-02,,"Doctor Who: The Talons of Weng-Chiang: Part Six","Doctor Who: The Talons of Weng-Chiang: Part Six",https://www.imdb.com/title/tt0811746/,TV Episode,8.6,24,1977,"Adventure, Drama, Family, Sci-Fi",736,1977-04-02,"David Maloney",,
454,tt0562852,2020-08-02,2020-08-02,,"Doctor Who: Horror of Fang Rock: Part One","Doctor Who: Horror of Fang Rock: Part One",https://www.imdb.com/title/tt0562852/,TV Episode,8.1,25,1977,"Adventure, Drama, Family, Sci-Fi",789,1977-09-03,"Paddy Russell",,
455,tt0811796,2020-08-02,2020-08-02,,"Doctor Who: Horror of Fang Rock: Part Two","Doctor Who: Horror of Fang Rock: Part Two",https://www.imdb.com/title/tt0811796/,TV Episode,8.0,24,1977,"Adventure, Drama, Family, Sci-Fi",679,1977-09-10,"Paddy Russell",,
456,tt0811797,2020-08-02,2020-08-02,,"Doctor Who: Horror of Fang Rock: Part Three","Doctor Who: Horror of Fang Rock: Part Three",https://www.imdb.com/title/tt0811797/,TV Episode,8.1,23,1977,"Adventure, Drama, Family, Sci-Fi",680,1977-09-17,"Paddy Russell",,
457,tt0811798,2020-08-02,2020-08-02,,"Doctor Who: Horror of Fang Rock: Part Four","Doctor Who: Horror of Fang Rock: Part Four",https://www.imdb.com/title/tt0811798/,TV Episode,8.0,24,1977,"Adventure, Drama, Family, Sci-Fi",688,1977-09-24,"Paddy Russell",,
458,tt0562924,2020-08-02,2020-08-02,,"Doctor Who: The Invisible Enemy: Part One","Doctor Who: The Invisible Enemy: Part One",https://www.imdb.com/title/tt0562924/,TV Episode,7.1,23,1977,"Adventure, Drama, Family, Sci-Fi",575,1977-10-01,"Derrick Goodwin",,
459,tt0811702,2020-08-02,2020-08-02,,"Doctor Who: The Invisible Enemy: Part Two","Doctor Who: The Invisible Enemy: Part Two",https://www.imdb.com/title/tt0811702/,TV Episode,7.1,25,1977,"Adventure, Drama, Family, Sci-Fi",516,1977-10-08,"Derrick Goodwin",,
460,tt0811703,2020-08-02,2020-08-02,,"Doctor Who: The Invisible Enemy: Part Three","Doctor Who: The Invisible Enemy: Part Three",https://www.imdb.com/title/tt0811703/,TV Episode,6.8,23,1977,"Adventure, Drama, Family, Sci-Fi",512,1977-10-15,"Derrick Goodwin",,
461,tt0811704,2020-08-02,2020-08-02,,"Doctor Who: The Invisible Enemy: Part Four","Doctor Who: The Invisible Enemy: Part Four",https://www.imdb.com/title/tt0811704/,TV Episode,6.7,21,1977,"Adventure, Drama, Family, Sci-Fi",518,1977-10-22,"Derrick Goodwin",,
462,tt0562853,2020-08-02,2020-08-02,,"Doctor Who: Image of the Fendahl: Part One","Doctor Who: Image of the Fendahl: Part One",https://www.imdb.com/title/tt0562853/,TV Episode,7.4,25,1977,"Adventure, Drama, Family, Sci-Fi",583,1977-10-29,"George Spenton-Foster",,
463,tt0811799,2020-08-02,2020-08-02,,"Doctor Who: Image of the Fendahl: Part Two","Doctor Who: Image of the Fendahl: Part Two",https://www.imdb.com/title/tt0811799/,TV Episode,7.3,25,1977,"Adventure, Drama, Family, Sci-Fi",511,1977-11-05,"George Spenton-Foster",,
464,tt0811800,2020-08-02,2020-08-02,,"Doctor Who: Image of the Fendahl: Part Three","Doctor Who: Image of the Fendahl: Part Three",https://www.imdb.com/title/tt0811800/,TV Episode,7.3,24,1977,"Adventure, Drama, Family, Sci-Fi",507,1977-11-12,"George Spenton-Foster",,
465,tt0811801,2020-08-02,2020-08-02,,"Doctor Who: Image of the Fendahl: Part Four","Doctor Who: Image of the Fendahl: Part Four",https://www.imdb.com/title/tt0811801/,TV Episode,7.3,21,1977,"Adventure, Drama, Family, Sci-Fi",522,1977-11-19,"George Spenton-Foster",,
466,tt0562960,2020-08-02,2020-08-02,,"Doctor Who: The Sun Makers: Part One","Doctor Who: The Sun Makers: Part One",https://www.imdb.com/title/tt0562960/,TV Episode,7.6,25,1977,"Adventure, Drama, Family, Sci-Fi",603,1977-11-26,"Pennant Roberts",,
467,tt0811739,2020-08-02,2020-08-02,,"Doctor Who: The Sun Makers: Part Two","Doctor Who: The Sun Makers: Part Two",https://www.imdb.com/title/tt0811739/,TV Episode,7.6,25,1977,"Adventure, Drama, Family, Sci-Fi",522,1977-12-03,"Pennant Roberts",,
468,tt0811740,2020-08-02,2020-08-02,,"Doctor Who: The Sun Makers: Part Three","Doctor Who: The Sun Makers: Part Three",https://www.imdb.com/title/tt0811740/,TV Episode,7.5,25,1977,"Adventure, Drama, Family, Sci-Fi",511,1977-12-10,"Pennant Roberts",,
469,tt0811741,2020-08-02,2020-08-02,,"Doctor Who: The Sun Makers: Part Four","Doctor Who: The Sun Makers: Part Four",https://www.imdb.com/title/tt0811741/,TV Episode,7.6,25,1977,"Adventure, Drama, Family, Sci-Fi",528,1977-12-17,"Pennant Roberts",,
470,tt0562981,2020-08-02,2020-08-02,,"Doctor Who: Underworld: Part One","Doctor Who: Underworld: Part One",https://www.imdb.com/title/tt0562981/,TV Episode,6.5,23,1978,"Adventure, Drama, Family, Sci-Fi",526,1978-01-07,"Norman Stewart",,
471,tt0811763,2020-08-02,2020-08-02,,"Doctor Who: Underworld: Part Two","Doctor Who: Underworld: Part Two",https://www.imdb.com/title/tt0811763/,TV Episode,5.8,21,1978,"Adventure, Drama, Family, Sci-Fi",477,1978-01-14,"Norman Stewart",,
472,tt0811764,2020-08-02,2020-08-02,,"Doctor Who: Underworld: Part Three","Doctor Who: Underworld: Part Three",https://www.imdb.com/title/tt0811764/,TV Episode,5.8,22,1978,"Adventure, Drama, Family, Sci-Fi",474,1978-01-21,"Norman Stewart",,
473,tt0811765,2020-08-02,2020-08-02,,"Doctor Who: Underworld: Part Four","Doctor Who: Underworld: Part Four",https://www.imdb.com/title/tt0811765/,TV Episode,5.9,23,1978,"Adventure, Drama, Family, Sci-Fi",475,1978-01-28,"Norman Stewart",,
474,tt0562923,2020-08-02,2020-08-02,,"Doctor Who: The Invasion of Time: Part One","Doctor Who: The Invasion of Time: Part One",https://www.imdb.com/title/tt0562923/,TV Episode,7.4,25,1978,"Adventure, Drama, Family, Sci-Fi",590,1978-02-04,"Gerald Blake",,
475,tt0811697,2020-08-02,2020-08-02,,"Doctor Who: The Invasion of Time: Part Two","Doctor Who: The Invasion of Time: Part Two",https://www.imdb.com/title/tt0811697/,TV Episode,7.3,25,1978,"Adventure, Drama, Family, Sci-Fi",520,1978-02-11,"Gerald Blake",,
476,tt0811698,2020-08-02,2020-08-02,,"Doctor Who: The Invasion of Time: Part Three","Doctor Who: The Invasion of Time: Part Three",https://www.imdb.com/title/tt0811698/,TV Episode,7.3,25,1978,"Adventure, Drama, Family, Sci-Fi",515,1978-02-18,"Gerald Blake",,
477,tt0811699,2020-08-02,2020-08-02,,"Doctor Who: The Invasion of Time: Part Four","Doctor Who: The Invasion of Time: Part Four",https://www.imdb.com/title/tt0811699/,TV Episode,7.3,24,1978,"Adventure, Drama, Family, Sci-Fi",513,1978-02-25,"Gerald Blake",,
478,tt0811700,2020-08-02,2020-08-02,,"Doctor Who: The Invasion of Time: Part Five","Doctor Who: The Invasion of Time: Part Five",https://www.imdb.com/title/tt0811700/,TV Episode,7.2,25,1978,"Adventure, Drama, Family, Sci-Fi",511,1978-03-04,"Gerald Blake",,
479,tt0811701,2020-08-02,2020-08-02,,"Doctor Who: The Invasion of Time: Part Six","Doctor Who: The Invasion of Time: Part Six",https://www.imdb.com/title/tt0811701/,TV Episode,7.1,26,1978,"Adventure, Drama, Family, Sci-Fi",521,1978-03-11,"Gerald Blake",,
480,tt0562946,2020-08-02,2020-08-02,,"Doctor Who: The Ribos Operation: Part One","Doctor Who: The Ribos Operation: Part One",https://www.imdb.com/title/tt0562946/,TV Episode,7.4,25,1978,"Adventure, Drama, Family, Sci-Fi",655,1978-09-02,"George Spenton-Foster",,
481,tt0811725,2020-08-02,2020-08-02,,"Doctor Who: The Ribos Operation: Part Two","Doctor Who: The Ribos Operation: Part Two",https://www.imdb.com/title/tt0811725/,TV Episode,7.4,25,1978,"Adventure, Drama, Family, Sci-Fi",574,1978-09-09,"George Spenton-Foster",,
482,tt0811726,2020-08-02,2020-08-02,,"Doctor Who: The Ribos Operation: Part Three","Doctor Who: The Ribos Operation: Part Three",https://www.imdb.com/title/tt0811726/,TV Episode,7.4,25,1978,"Adventure, Drama, Family, Sci-Fi",570,1978-09-16,"George Spenton-Foster",,
483,tt0811727,2020-08-02,2020-08-02,,"Doctor Who: The Ribos Operation: Part Four","Doctor Who: The Ribos Operation: Part Four",https://www.imdb.com/title/tt0811727/,TV Episode,7.4,25,1978,"Adventure, Drama, Family, Sci-Fi",576,1978-09-23,"George Spenton-Foster",,
484,tt0562941,2020-08-02,2020-08-02,,"Doctor Who: The Pirate Planet: Part One","Doctor Who: The Pirate Planet: Part One",https://www.imdb.com/title/tt0562941/,TV Episode,7.6,25,1978,"Adventure, Drama, Family, Sci-Fi",666,1978-09-30,"Pennant Roberts",,
485,tt0811719,2020-08-02,2020-08-02,,"Doctor Who: The Pirate Planet: Part Two","Doctor Who: The Pirate Planet: Part Two",https://www.imdb.com/title/tt0811719/,TV Episode,7.8,26,1978,"Adventure, Drama, Family, Sci-Fi",580,1978-10-07,"Pennant Roberts",,
486,tt0811720,2020-08-02,2020-08-02,,"Doctor Who: The Pirate Planet: Part Three","Doctor Who: The Pirate Planet: Part Three",https://www.imdb.com/title/tt0811720/,TV Episode,7.8,26,1978,"Adventure, Drama, Family, Sci-Fi",576,1978-10-14,"Pennant Roberts",,
487,tt0811721,2020-08-02,2020-08-02,,"Doctor Who: The Pirate Planet: Part Four","Doctor Who: The Pirate Planet: Part Four",https://www.imdb.com/title/tt0811721/,TV Episode,7.9,25,1978,"Adventure, Drama, Family, Sci-Fi",580,1978-10-21,"Pennant Roberts",,
488,tt0562959,2020-08-02,2020-08-02,,"Doctor Who: The Stones of Blood: Part One","Doctor Who: The Stones of Blood: Part One",https://www.imdb.com/title/tt0562959/,TV Episode,7.6,24,1978,"Adventure, Drama, Family, Sci-Fi",605,1978-10-28,"Darrol Blake",,
489,tt0811736,2020-08-02,2020-08-02,,"Doctor Who: The Stones of Blood: Part Two","Doctor Who: The Stones of Blood: Part Two",https://www.imdb.com/title/tt0811736/,TV Episode,7.7,24,1978,"Adventure, Drama, Family, Sci-Fi",538,1978-11-04,"Darrol Blake",,
490,tt0811737,2020-08-02,2020-08-02,,"Doctor Who: The Stones of Blood: Part Three","Doctor Who: The Stones of Blood: Part Three",https://www.imdb.com/title/tt0811737/,TV Episode,7.7,24,1978,"Adventure, Drama, Family, Sci-Fi",538,1978-11-11,"Darrol Blake",,
491,tt0811738,2020-08-02,2020-08-02,,"Doctor Who: The Stones of Blood: Part Four","Doctor Who: The Stones of Blood: Part Four",https://www.imdb.com/title/tt0811738/,TV Episode,7.6,23,1978,"Adventure, Drama, Family, Sci-Fi",541,1978-11-18,"Darrol Blake",,
492,tt0562889,2020-08-02,2020-08-02,,"Doctor Who: The Androids of Tara: Part One","Doctor Who: The Androids of Tara: Part One",https://www.imdb.com/title/tt0562889/,TV Episode,7.3,25,1978,"Adventure, Drama, Family, Sci-Fi",590,1978-11-25,"Michael Hayes",,
493,tt0811859,2020-08-02,2020-08-02,,"Doctor Who: The Androids of Tara: Part Two","Doctor Who: The Androids of Tara: Part Two",https://www.imdb.com/title/tt0811859/,TV Episode,7.2,24,1978,"Adventure, Drama, Family, Sci-Fi",534,1978-12-02,"Michael Hayes",,
494,tt0811860,2020-08-02,2020-08-02,,"Doctor Who: The Androids of Tara: Part Three","Doctor Who: The Androids of Tara: Part Three",https://www.imdb.com/title/tt0811860/,TV Episode,7.3,24,1978,"Adventure, Drama, Family, Sci-Fi",534,1978-12-09,"Michael Hayes",,
495,tt0811861,2020-08-02,2020-08-02,,"Doctor Who: The Androids of Tara: Part Four","Doctor Who: The Androids of Tara: Part Four",https://www.imdb.com/title/tt0811861/,TV Episode,7.3,25,1978,"Adventure, Drama, Family, Sci-Fi",534,1978-12-16,"Michael Hayes",,
496,tt0562942,2020-08-02,2020-08-02,,"Doctor Who: The Power of Kroll: Part One","Doctor Who: The Power of Kroll: Part One",https://www.imdb.com/title/tt0562942/,TV Episode,6.5,23,1978,"Adventure, Drama, Family, Sci-Fi",551,1978-12-23,"Norman Stewart",,
497,tt0811722,2020-08-02,2020-08-02,,"Doctor Who: The Power of Kroll: Part Two","Doctor Who: The Power of Kroll: Part Two",https://www.imdb.com/title/tt0811722/,TV Episode,6.6,24,1978,"Adventure, Drama, Family, Sci-Fi",496,1978-12-30,"Norman Stewart",,
498,tt0811723,2020-08-02,2020-08-02,,"Doctor Who: The Power of Kroll: Part Three","Doctor Who: The Power of Kroll: Part Three",https://www.imdb.com/title/tt0811723/,TV Episode,6.5,22,1979,"Adventure, Drama, Family, Sci-Fi",497,1979-01-06,"Norman Stewart",,
499,tt0811724,2020-08-02,2020-08-02,,"Doctor Who: The Power of Kroll: Part Four","Doctor Who: The Power of Kroll: Part Four",https://www.imdb.com/title/tt0811724/,TV Episode,6.5,22,1979,"Adventure, Drama, Family, Sci-Fi",500,1979-01-13,"Norman Stewart",,
500,tt0562892,2020-08-02,2020-08-02,,"Doctor Who: The Armageddon Factor: Part One","Doctor Who: The Armageddon Factor: Part One",https://www.imdb.com/title/tt0562892/,TV Episode,7.1,25,1979,"Adventure, Drama, Family, Sci-Fi",538,1979-01-20,"Michael Hayes",,
501,tt0811862,2020-08-02,2020-08-02,,"Doctor Who: The Armageddon Factor: Part Two","Doctor Who: The Armageddon Factor: Part Two",https://www.imdb.com/title/tt0811862/,TV Episode,7.1,24,1979,"Adventure, Drama, Family, Sci-Fi",474,1979-01-27,"Michael Hayes",,
502,tt0811863,2020-08-02,2020-08-02,,"Doctor Who: The Armageddon Factor: Part Three","Doctor Who: The Armageddon Factor: Part Three",https://www.imdb.com/title/tt0811863/,TV Episode,7.0,25,1979,"Adventure, Drama, Family, Sci-Fi",470,1979-02-03,"Michael Hayes",,
503,tt0811864,2020-08-02,2020-08-02,,"Doctor Who: The Armageddon Factor: Part Four","Doctor Who: The Armageddon Factor: Part Four",https://www.imdb.com/title/tt0811864/,TV Episode,6.9,25,1979,"Adventure, Drama, Family, Sci-Fi",472,1979-02-10,"Michael Hayes",,
504,tt0811865,2020-08-02,2020-08-02,,"Doctor Who: The Armageddon Factor: Part Five","Doctor Who: The Armageddon Factor: Part Five",https://www.imdb.com/title/tt0811865/,TV Episode,7.0,25,1979,"Adventure, Drama, Family, Sci-Fi",470,1979-02-17,"Michael Hayes",,
505,tt0811866,2020-08-02,2020-08-02,,"Doctor Who: The Armageddon Factor: Part Six","Doctor Who: The Armageddon Factor: Part Six",https://www.imdb.com/title/tt0811866/,TV Episode,7.1,25,1979,"Adventure, Drama, Family, Sci-Fi",478,1979-02-24,"Michael Hayes",,
506,tt0562840,2020-08-02,2020-08-02,,"Doctor Who: Destiny of the Daleks: Episode One","Doctor Who: Destiny of the Daleks: Episode One",https://www.imdb.com/title/tt0562840/,TV Episode,7.3,24,1979,"Adventure, Drama, Family, Sci-Fi",666,1979-09-01,"Ken Grieve",,
507,tt0811667,2020-08-02,2020-08-02,,"Doctor Who: Destiny of the Daleks: Episode Two","Doctor Who: Destiny of the Daleks: Episode Two",https://www.imdb.com/title/tt0811667/,TV Episode,7.3,25,1979,"Adventure, Drama, Family, Sci-Fi",587,1979-09-08,"Ken Grieve",,
508,tt0811668,2020-08-02,2020-08-02,,"Doctor Who: Destiny of the Daleks: Episode Three","Doctor Who: Destiny of the Daleks: Episode Three",https://www.imdb.com/title/tt0811668/,TV Episode,7.2,25,1979,"Adventure, Drama, Family, Sci-Fi",571,1979-09-15,"Ken Grieve",,
509,tt0811669,2020-08-02,2020-08-02,,"Doctor Who: Destiny of the Daleks: Episode Four","Doctor Who: Destiny of the Daleks: Episode Four",https://www.imdb.com/title/tt0811669/,TV Episode,7.2,26,1979,"Adventure, Drama, Family, Sci-Fi",575,1979-09-22,"Ken Grieve",,
510,tt0562835,2020-08-02,2020-08-02,,"Doctor Who: City of Death: Part One","Doctor Who: City of Death: Part One",https://www.imdb.com/title/tt0562835/,TV Episode,8.7,24,1979,"Adventure, Drama, Family, Sci-Fi",957,1979-09-29,"Michael Hayes",,
511,tt0811662,2020-08-02,2020-08-02,,"Doctor Who: City of Death: Part Two","Doctor Who: City of Death: Part Two",https://www.imdb.com/title/tt0811662/,TV Episode,8.8,25,1979,"Adventure, Drama, Family, Sci-Fi",821,1979-10-06,"Michael Hayes",,
512,tt0811663,2020-08-02,2020-08-02,,"Doctor Who: City of Death: Part Three","Doctor Who: City of Death: Part Three",https://www.imdb.com/title/tt0811663/,TV Episode,8.7,25,1979,"Adventure, Drama, Family, Sci-Fi",801,1979-10-13,"Michael Hayes",,
513,tt0811664,2020-08-02,2020-08-02,,"Doctor Who: City of Death: Part Four","Doctor Who: City of Death: Part Four",https://www.imdb.com/title/tt0811664/,TV Episode,8.9,25,1979,"Adventure, Drama, Family, Sci-Fi",841,1979-10-20,"Michael Hayes",,
514,tt0562900,2020-08-02,2020-08-02,,"Doctor Who: The Creature from the Pit: Part One","Doctor Who: The Creature from the Pit: Part One",https://www.imdb.com/title/tt0562900/,TV Episode,6.9,24,1979,"Adventure, Drama, Family, Sci-Fi",538,1979-10-27,"Christopher Barry",,
515,tt0811874,2020-08-02,2020-08-02,,"Doctor Who: The Creature from the Pit: Part Two","Doctor Who: The Creature from the Pit: Part Two",https://www.imdb.com/title/tt0811874/,TV Episode,6.7,25,1979,"Adventure, Drama, Family, Sci-Fi",471,1979-11-03,"Christopher Barry",,
516,tt0811875,2020-08-02,2020-08-02,,"Doctor Who: The Creature from the Pit: Part Three","Doctor Who: The Creature from the Pit: Part Three",https://www.imdb.com/title/tt0811875/,TV Episode,6.7,24,1979,"Adventure, Drama, Family, Sci-Fi",472,1979-11-10,"Christopher Barry",,
517,tt0811876,2020-08-02,2020-08-02,,"Doctor Who: The Creature from the Pit: Part Four","Doctor Who: The Creature from the Pit: Part Four",https://www.imdb.com/title/tt0811876/,TV Episode,6.7,24,1979,"Adventure, Drama, Family, Sci-Fi",471,1979-11-17,"Christopher Barry",,
518,tt0562863,2020-08-02,2020-08-02,,"Doctor Who: Nightmare of Eden: Part One","Doctor Who: Nightmare of Eden: Part One",https://www.imdb.com/title/tt0562863/,TV Episode,6.9,24,1979,"Adventure, Drama, Family, Sci-Fi",507,1979-11-24,"Alan Bromly",,
519,tt0811817,2020-08-02,2020-08-02,,"Doctor Who: Nightmare of Eden: Part Two","Doctor Who: Nightmare of Eden: Part Two",https://www.imdb.com/title/tt0811817/,TV Episode,6.8,23,1979,"Adventure, Drama, Family, Sci-Fi",458,1979-12-01,"Alan Bromly",,
520,tt0811818,2020-08-02,2020-08-02,,"Doctor Who: Nightmare of Eden: Part Three","Doctor Who: Nightmare of Eden: Part Three",https://www.imdb.com/title/tt0811818/,TV Episode,6.8,24,1979,"Adventure, Drama, Family, Sci-Fi",456,1979-12-08,"Alan Bromly",,
521,tt0811819,2020-08-02,2020-08-02,,"Doctor Who: Nightmare of Eden: Part Four","Doctor Who: Nightmare of Eden: Part Four",https://www.imdb.com/title/tt0811819/,TV Episode,6.7,25,1979,"Adventure, Drama, Family, Sci-Fi",461,1979-12-15,"Alan Bromly",,
522,tt0562920,2020-08-02,2020-08-02,,"Doctor Who: The Horns of Nimon: Part One","Doctor Who: The Horns of Nimon: Part One",https://www.imdb.com/title/tt0562920/,TV Episode,6.3,26,1979,"Adventure, Drama, Family, Sci-Fi",530,1979-12-22,"Kenny McBain",,
523,tt0811694,2020-08-02,2020-08-02,,"Doctor Who: The Horns of Nimon: Part Two","Doctor Who: The Horns of Nimon: Part Two",https://www.imdb.com/title/tt0811694/,TV Episode,6.1,25,1979,"Adventure, Drama, Family, Sci-Fi",477,1979-12-29,"Kenny McBain",,
524,tt0811695,2020-08-02,2020-08-02,,"Doctor Who: The Horns of Nimon: Part Three","Doctor Who: The Horns of Nimon: Part Three",https://www.imdb.com/title/tt0811695/,TV Episode,6.1,23,1980,"Adventure, Drama, Family, Sci-Fi",470,1980-01-05,"Kenny McBain",,
525,tt0811696,2020-08-02,2020-08-02,,"Doctor Who: The Horns of Nimon: Part Four","Doctor Who: The Horns of Nimon: Part Four",https://www.imdb.com/title/tt0811696/,TV Episode,6.1,27,1980,"Adventure, Drama, Family, Sci-Fi",476,1980-01-12,"Kenny McBain",,
526,tt0562929,2020-08-02,2020-08-02,,"Doctor Who: The Leisure Hive: Part One","Doctor Who: The Leisure Hive: Part One",https://www.imdb.com/title/tt0562929/,TV Episode,6.6,24,1980,"Adventure, Drama, Family, Sci-Fi",604,1980-08-30,"Lovett Bickford",,
527,tt0811709,2020-08-02,2020-08-02,,"Doctor Who: The Leisure Hive: Part Two","Doctor Who: The Leisure Hive: Part Two",https://www.imdb.com/title/tt0811709/,TV Episode,6.5,21,1980,"Adventure, Drama, Family, Sci-Fi",543,1980-09-06,"Lovett Bickford",,
528,tt0811710,2020-08-02,2020-08-02,,"Doctor Who: The Leisure Hive: Part Three","Doctor Who: The Leisure Hive: Part Three",https://www.imdb.com/title/tt0811710/,TV Episode,6.5,21,1980,"Adventure, Drama, Family, Sci-Fi",540,1980-09-13,"Lovett Bickford",,
529,tt0811711,2020-08-02,2020-08-02,,"Doctor Who: The Leisure Hive: Part Four","Doctor Who: The Leisure Hive: Part Four",https://www.imdb.com/title/tt0811711/,TV Episode,6.4,21,1980,"Adventure, Drama, Family, Sci-Fi",547,1980-09-20,"Lovett Bickford",,
530,tt0562860,2020-08-02,2020-08-02,,"Doctor Who: Meglos: Part One","Doctor Who: Meglos: Part One",https://www.imdb.com/title/tt0562860/,TV Episode,6.5,25,1980,"Adventure, Drama, Family, Sci-Fi",529,1980-09-27,"Terence Dudley",,
531,tt0811811,2020-08-02,2020-08-02,,"Doctor Who: Meglos: Part Two","Doctor Who: Meglos: Part Two",https://www.imdb.com/title/tt0811811/,TV Episode,6.5,21,1980,"Adventure, Drama, Family, Sci-Fi",482,1980-10-04,"Terence Dudley",,
532,tt0811812,2020-08-02,2020-08-02,,"Doctor Who: Meglos: Part Three","Doctor Who: Meglos: Part Three",https://www.imdb.com/title/tt0811812/,TV Episode,6.4,21,1980,"Adventure, Drama, Family, Sci-Fi",475,1980-10-11,"Terence Dudley",,
533,tt0811813,2020-08-02,2020-08-02,,"Doctor Who: Meglos: Part Four","Doctor Who: Meglos: Part Four",https://www.imdb.com/title/tt0811813/,TV Episode,6.3,20,1980,"Adventure, Drama, Family, Sci-Fi",481,1980-10-18,"Terence Dudley",,
534,tt0562847,2020-08-02,2020-08-02,,"Doctor Who: Full Circle: Part One","Doctor Who: Full Circle: Part One",https://www.imdb.com/title/tt0562847/,TV Episode,7.1,24,1980,"Adventure, Drama, Family, Sci-Fi",556,1980-10-25,"Peter Grimwade",,
535,tt0811684,2020-08-02,2020-08-02,,"Doctor Who: Full Circle: Part Two","Doctor Who: Full Circle: Part Two",https://www.imdb.com/title/tt0811684/,TV Episode,7.1,22,1980,"Adventure, Drama, Family, Sci-Fi",507,1980-11-01,"Peter Grimwade",,
536,tt0811685,2020-08-02,2020-08-02,,"Doctor Who: Full Circle: Part Three","Doctor Who: Full Circle: Part Three",https://www.imdb.com/title/tt0811685/,TV Episode,7.1,22,1980,"Adventure, Drama, Family, Sci-Fi",502,1980-11-08,"Peter Grimwade",,
537,tt0811686,2020-08-02,2020-08-02,,"Doctor Who: Full Circle: Part Four","Doctor Who: Full Circle: Part Four",https://www.imdb.com/title/tt0811686/,TV Episode,7.1,24,1980,"Adventure, Drama, Family, Sci-Fi",514,1980-11-15,"Peter Grimwade",,
538,tt0562880,2020-08-02,2020-08-02,,"Doctor Who: State of Decay: Part One","Doctor Who: State of Decay: Part One",https://www.imdb.com/title/tt0562880/,TV Episode,7.4,22,1980,"Adventure, Drama, Family, Sci-Fi",569,1980-11-22,"Peter Moffatt",,
539,tt0811842,2020-08-02,2020-08-02,,"Doctor Who: State of Decay: Part Two","Doctor Who: State of Decay: Part Two",https://www.imdb.com/title/tt0811842/,TV Episode,7.5,23,1980,"Adventure, Drama, Family, Sci-Fi",514,1980-11-29,"Peter Moffatt",,
540,tt0811843,2020-08-02,2020-08-02,,"Doctor Who: State of Decay: Part Three","Doctor Who: State of Decay: Part Three",https://www.imdb.com/title/tt0811843/,TV Episode,7.5,24,1980,"Adventure, Drama, Family, Sci-Fi",510,1980-12-06,"Peter Moffatt",,
541,tt0811844,2020-08-02,2020-08-02,,"Doctor Who: State of Decay: Part Four","Doctor Who: State of Decay: Part Four",https://www.imdb.com/title/tt0811844/,TV Episode,7.5,25,1980,"Adventure, Drama, Family, Sci-Fi",513,1980-12-13,"Peter Moffatt",,
542,tt0562984,2020-08-02,2020-08-02,,"Doctor Who: Warriors' Gate: Part One","Doctor Who: Warriors' Gate: Part One",https://www.imdb.com/title/tt0562984/,TV Episode,7.3,23,1981,"Adventure, Drama, Family, Sci-Fi",538,1981-01-03,"Paul Joyce",,
543,tt0811770,2020-08-02,2020-08-02,,"Doctor Who: Warriors' Gate: Part Two","Doctor Who: Warriors' Gate: Part Two",https://www.imdb.com/title/tt0811770/,TV Episode,7.3,24,1981,"Adventure, Drama, Family, Sci-Fi",488,1981-01-10,"Paul Joyce",,
544,tt0811771,2020-08-02,2020-08-02,,"Doctor Who: Warriors' Gate: Part Three","Doctor Who: Warriors' Gate: Part Three",https://www.imdb.com/title/tt0811771/,TV Episode,7.2,22,1981,"Adventure, Drama, Family, Sci-Fi",490,1981-01-17,"Paul Joyce",,
545,tt0811772,2020-08-02,2020-08-02,,"Doctor Who: Warriors' Gate: Part Four","Doctor Who: Warriors' Gate: Part Four",https://www.imdb.com/title/tt0811772/,TV Episode,7.2,25,1981,"Adventure, Drama, Family, Sci-Fi",492,1981-01-24,"Paul Joyce",,
546,tt0562925,2020-08-02,2020-08-02,,"Doctor Who: The Keeper of Traken: Part One","Doctor Who: The Keeper of Traken: Part One",https://www.imdb.com/title/tt0562925/,TV Episode,7.7,24,1981,"Adventure, Drama, Family, Sci-Fi",628,1981-01-31,"John Black",,
547,tt0811705,2020-08-02,2020-08-02,,"Doctor Who: The Keeper of Traken: Part Two","Doctor Who: The Keeper of Traken: Part Two",https://www.imdb.com/title/tt0811705/,TV Episode,7.6,25,1981,"Adventure, Drama, Family, Sci-Fi",561,1981-02-07,"John Black",,
548,tt0811706,2020-08-02,2020-08-02,,"Doctor Who: The Keeper of Traken: Part Three","Doctor Who: The Keeper of Traken: Part Three",https://www.imdb.com/title/tt0811706/,TV Episode,7.6,24,1981,"Adventure, Drama, Family, Sci-Fi",554,1981-02-14,"John Black",,
549,tt0811707,2020-08-02,2020-08-02,,"Doctor Who: The Keeper of Traken: Part Four","Doctor Who: The Keeper of Traken: Part Four",https://www.imdb.com/title/tt0811707/,TV Episode,7.8,25,1981,"Adventure, Drama, Family, Sci-Fi",572,1981-02-21,"John Black",,
550,tt0562857,2020-08-02,2020-08-02,,"Doctor Who: Logopolis: Part One","Doctor Who: Logopolis: Part One",https://www.imdb.com/title/tt0562857/,TV Episode,7.8,25,1981,"Adventure, Drama, Family, Sci-Fi",707,1981-02-28,"Peter Grimwade",,
551,tt0811805,2020-08-02,2020-08-02,,"Doctor Who: Logopolis: Part Two","Doctor Who: Logopolis: Part Two",https://www.imdb.com/title/tt0811805/,TV Episode,7.7,24,1981,"Adventure, Drama, Family, Sci-Fi",618,1981-03-07,"Peter Grimwade",,
552,tt0811806,2020-08-02,2020-08-02,,"Doctor Who: Logopolis: Part Three","Doctor Who: Logopolis: Part Three",https://www.imdb.com/title/tt0811806/,TV Episode,7.7,25,1981,"Adventure, Drama, Family, Sci-Fi",608,1981-03-14,"Peter Grimwade",,
553,tt0811807,2020-08-02,2020-08-02,,"Doctor Who: Logopolis: Part Four","Doctor Who: Logopolis: Part Four",https://www.imdb.com/title/tt0811807/,TV Episode,8.0,25,1981,"Adventure, Drama, Family, Sci-Fi",652,1981-03-21,"Peter Grimwade",,
554,tt0562834,2020-08-02,2020-08-02,,"Doctor Who: Castrovalva: Part One","Doctor Who: Castrovalva: Part One",https://www.imdb.com/title/tt0562834/,TV Episode,7.2,24,1982,"Adventure, Drama, Family, Sci-Fi",697,1982-01-04,"Fiona Cumming",,
555,tt0811659,2020-08-02,2020-08-02,,"Doctor Who: Castrovalva: Part Two","Doctor Who: Castrovalva: Part Two",https://www.imdb.com/title/tt0811659/,TV Episode,6.9,24,1982,"Adventure, Drama, Family, Sci-Fi",610,1982-01-05,"Fiona Cumming",,
556,tt0811660,2020-08-02,2020-08-02,,"Doctor Who: Castrovalva: Part Three","Doctor Who: Castrovalva: Part Three",https://www.imdb.com/title/tt0811660/,TV Episode,7.1,24,1982,"Adventure, Drama, Family, Sci-Fi",606,1982-01-11,"Fiona Cumming",,
557,tt0811661,2020-08-02,2020-08-02,,"Doctor Who: Castrovalva: Part Four","Doctor Who: Castrovalva: Part Four",https://www.imdb.com/title/tt0811661/,TV Episode,7.2,24,1982,"Adventure, Drama, Family, Sci-Fi",617,1982-01-12,"Fiona Cumming",,
558,tt0562844,2020-08-02,2020-08-02,,"Doctor Who: Four to Doomsday: Part One","Doctor Who: Four to Doomsday: Part One",https://www.imdb.com/title/tt0562844/,TV Episode,6.8,24,1982,"Adventure, Drama, Family, Sci-Fi",569,1982-01-18,"John Black",,
559,tt0811678,2020-08-02,2020-08-02,,"Doctor Who: Four to Doomsday: Part Two","Doctor Who: Four to Doomsday: Part Two",https://www.imdb.com/title/tt0811678/,TV Episode,6.7,24,1982,"Adventure, Drama, Family, Sci-Fi",524,1982-01-19,"John Black",,
560,tt0811679,2020-08-02,2020-08-02,,"Doctor Who: Four to Doomsday: Part Three","Doctor Who: Four to Doomsday: Part Three",https://www.imdb.com/title/tt0811679/,TV Episode,6.6,24,1982,"Adventure, Drama, Family, Sci-Fi",520,1982-01-25,"John Black",,
561,tt0811680,2020-08-02,2020-08-02,,"Doctor Who: Four to Doomsday: Part Four","Doctor Who: Four to Doomsday: Part Four",https://www.imdb.com/title/tt0811680/,TV Episode,6.5,25,1982,"Adventure, Drama, Family, Sci-Fi",524,1982-01-26,"John Black",,
562,tt0562856,2020-08-02,2020-08-02,,"Doctor Who: Kinda: Part One","Doctor Who: Kinda: Part One",https://www.imdb.com/title/tt0562856/,TV Episode,7.3,25,1982,"Adventure, Drama, Family, Sci-Fi",608,1982-02-01,"Peter Grimwade",,
563,tt0811802,2020-08-02,2020-08-02,,"Doctor Who: Kinda: Part Two","Doctor Who: Kinda: Part Two",https://www.imdb.com/title/tt0811802/,TV Episode,7.2,25,1982,"Adventure, Drama, Family, Sci-Fi",548,1982-02-02,"Peter Grimwade",,
564,tt0811803,2020-08-02,2020-08-02,,"Doctor Who: Kinda: Part Three","Doctor Who: Kinda: Part Three",https://www.imdb.com/title/tt0811803/,TV Episode,7.1,24,1982,"Adventure, Drama, Family, Sci-Fi",543,1982-02-08,"Peter Grimwade",,
565,tt0811804,2020-08-02,2020-08-02,,"Doctor Who: Kinda: Part Four","Doctor Who: Kinda: Part Four",https://www.imdb.com/title/tt0811804/,TV Episode,7.2,24,1982,"Adventure, Drama, Family, Sci-Fi",549,1982-02-09,"Peter Grimwade",,
566,tt0562972,2020-08-02,2020-08-02,,"Doctor Who: The Visitation: Part One","Doctor Who: The Visitation: Part One",https://www.imdb.com/title/tt0562972/,TV Episode,7.4,24,1982,"Adventure, Drama, Family, Sci-Fi",627,1982-02-15,"Peter Moffatt",,
567,tt0811753,2020-08-02,2020-08-02,,"Doctor Who: The Visitation: Part Two","Doctor Who: The Visitation: Part Two",https://www.imdb.com/title/tt0811753/,TV Episode,7.3,24,1982,"Adventure, Drama, Family, Sci-Fi",541,1982-02-16,"Peter Moffatt",,
568,tt0811754,2020-08-02,2020-08-02,,"Doctor Who: The Visitation: Part Three","Doctor Who: The Visitation: Part Three",https://www.imdb.com/title/tt0811754/,TV Episode,7.2,24,1982,"Adventure, Drama, Family, Sci-Fi",544,1982-02-22,"Peter Moffatt",,
569,tt0811755,2020-08-02,2020-08-02,,"Doctor Who: The Visitation: Part Four","Doctor Who: The Visitation: Part Four",https://www.imdb.com/title/tt0811755/,TV Episode,7.3,24,1982,"Adventure, Drama, Family, Sci-Fi",545,1982-02-23,"Peter Moffatt",,
570,tt0562832,2020-08-02,2020-08-02,,"Doctor Who: Black Orchid: Part One","Doctor Who: Black Orchid: Part One",https://www.imdb.com/title/tt0562832/,TV Episode,7.2,25,1982,"Adventure, Drama, Family, Sci-Fi",624,1982-03-01,"Ron Jones",,
571,tt0811658,2020-08-02,2020-08-02,,"Doctor Who: Black Orchid: Part Two","Doctor Who: Black Orchid: Part Two",https://www.imdb.com/title/tt0811658/,TV Episode,7.0,25,1982,"Adventure, Drama, Family, Sci-Fi",575,1982-03-02,"Ron Jones",,
572,tt0562842,2020-08-02,2020-08-02,,"Doctor Who: Earthshock: Part One","Doctor Who: Earthshock: Part One",https://www.imdb.com/title/tt0562842/,TV Episode,8.2,24,1982,"Adventure, Drama, Family, Sci-Fi",761,1982-03-08,"Peter Grimwade",,
573,tt0811672,2020-08-02,2020-08-02,,"Doctor Who: Earthshock: Part Two","Doctor Who: Earthshock: Part Two",https://www.imdb.com/title/tt0811672/,TV Episode,8.0,24,1982,"Adventure, Drama, Family, Sci-Fi",678,1982-03-09,"Peter Grimwade",,
574,tt0811673,2020-08-02,2020-08-02,,"Doctor Who: Earthshock: Part Three","Doctor Who: Earthshock: Part Three",https://www.imdb.com/title/tt0811673/,TV Episode,8.2,24,1982,"Adventure, Drama, Family, Sci-Fi",673,1982-03-15,"Peter Grimwade",,
575,tt0811674,2020-08-02,2020-08-02,,"Doctor Who: Earthshock: Part Four","Doctor Who: Earthshock: Part Four",https://www.imdb.com/title/tt0811674/,TV Episode,8.6,24,1982,"Adventure, Drama, Family, Sci-Fi",726,1982-03-16,"Peter Grimwade",,
576,tt0562979,2020-08-02,2020-08-02,,"Doctor Who: Time-Flight: Part One","Doctor Who: Time-Flight: Part One",https://www.imdb.com/title/tt0562979/,TV Episode,6.3,25,1982,"Adventure, Drama, Family, Sci-Fi",556,1982-03-22,"Ron Jones",,
577,tt0811759,2020-08-02,2020-08-02,,"Doctor Who: Time-Flight: Part Two","Doctor Who: Time-Flight: Part Two",https://www.imdb.com/title/tt0811759/,TV Episode,6.0,24,1982,"Adventure, Drama, Family, Sci-Fi",504,1982-03-23,"Ron Jones",,
578,tt0811760,2020-08-02,2020-08-02,,"Doctor Who: Time-Flight: Part Three","Doctor Who: Time-Flight: Part Three",https://www.imdb.com/title/tt0811760/,TV Episode,5.8,24,1982,"Adventure, Drama, Family, Sci-Fi",501,1982-03-29,"Ron Jones",,
579,tt0811761,2020-08-02,2020-08-02,,"Doctor Who: Time-Flight: Part Four","Doctor Who: Time-Flight: Part Four",https://www.imdb.com/title/tt0811761/,TV Episode,5.9,25,1982,"Adventure, Drama, Family, Sci-Fi",508,1982-03-30,"Ron Jones",,
580,tt0562829,2020-08-02,2020-08-02,,"Doctor Who: Arc of Infinity: Part One","Doctor Who: Arc of Infinity: Part One",https://www.imdb.com/title/tt0562829/,TV Episode,6.7,25,1983,"Adventure, Drama, Family, Sci-Fi",530,1983-01-03,"Ron Jones",,
581,tt0811651,2020-08-02,2020-08-02,,"Doctor Who: Arc of Infinity: Part Two","Doctor Who: Arc of Infinity: Part Two",https://www.imdb.com/title/tt0811651/,TV Episode,6.8,25,1983,"Adventure, Drama, Family, Sci-Fi",473,1983-01-05,"Ron Jones",,
582,tt0811652,2020-08-02,2020-08-02,,"Doctor Who: Arc of Infinity: Part Three","Doctor Who: Arc of Infinity: Part Three",https://www.imdb.com/title/tt0811652/,TV Episode,6.8,25,1983,"Adventure, Drama, Family, Sci-Fi",471,1983-01-11,"Ron Jones",,
583,tt0811653,2020-08-02,2020-08-02,,"Doctor Who: Arc of Infinity: Part Four","Doctor Who: Arc of Infinity: Part Four",https://www.imdb.com/title/tt0811653/,TV Episode,6.8,24,1983,"Adventure, Drama, Family, Sci-Fi",476,1983-01-12,"Ron Jones",,
584,tt0562878,2020-08-02,2020-08-02,,"Doctor Who: Snakedance: Part One","Doctor Who: Snakedance: Part One",https://www.imdb.com/title/tt0562878/,TV Episode,6.8,24,1983,"Adventure, Drama, Family, Sci-Fi",518,1983-01-18,"Fiona Cumming",,
585,tt0811839,2020-08-02,2020-08-02,,"Doctor Who: Snakedance: Part Two","Doctor Who: Snakedance: Part Two",https://www.imdb.com/title/tt0811839/,TV Episode,6.9,25,1983,"Adventure, Drama, Family, Sci-Fi",466,1983-01-19,"Fiona Cumming",,
586,tt0811840,2020-08-02,2020-08-02,,"Doctor Who: Snakedance: Part Three","Doctor Who: Snakedance: Part Three",https://www.imdb.com/title/tt0811840/,TV Episode,6.8,24,1983,"Adventure, Drama, Family, Sci-Fi",457,1983-01-25,"Fiona Cumming",,
587,tt0811841,2020-08-02,2020-08-02,,"Doctor Who: Snakedance: Part Four","Doctor Who: Snakedance: Part Four",https://www.imdb.com/title/tt0811841/,TV Episode,6.8,25,1983,"Adventure, Drama, Family, Sci-Fi",467,1983-01-26,"Fiona Cumming",,
588,tt0562859,2020-08-02,2020-08-02,,"Doctor Who: Mawdryn Undead: Part One","Doctor Who: Mawdryn Undead: Part One",https://www.imdb.com/title/tt0562859/,TV Episode,7.5,24,1983,"Adventure, Drama, Family, Sci-Fi",547,1983-02-01,"Peter Moffatt",,
589,tt0811808,2020-08-02,2020-08-02,,"Doctor Who: Mawdryn Undead: Part Two","Doctor Who: Mawdryn Undead: Part Two",https://www.imdb.com/title/tt0811808/,TV Episode,7.8,25,1983,"Adventure, Drama, Family, Sci-Fi",500,1983-02-02,"Peter Moffatt",,
590,tt0811809,2020-08-02,2020-08-02,,"Doctor Who: Mawdryn Undead: Part Three","Doctor Who: Mawdryn Undead: Part Three",https://www.imdb.com/title/tt0811809/,TV Episode,7.6,25,1983,"Adventure, Drama, Family, Sci-Fi",486,1983-02-08,"Peter Moffatt",,
591,tt0811810,2020-08-02,2020-08-02,,"Doctor Who: Mawdryn Undead: Part Four","Doctor Who: Mawdryn Undead: Part Four",https://www.imdb.com/title/tt0811810/,TV Episode,7.6,25,1983,"Adventure, Drama, Family, Sci-Fi",495,1983-02-09,"Peter Moffatt",,
592,tt0562882,2020-08-02,2020-08-02,,"Doctor Who: Terminus: Part One","Doctor Who: Terminus: Part One",https://www.imdb.com/title/tt0562882/,TV Episode,6.4,25,1983,"Adventure, Drama, Family, Sci-Fi",505,1983-02-15,"Mary Ridge",,
593,tt0811847,2020-08-02,2020-08-02,,"Doctor Who: Terminus: Part Two","Doctor Who: Terminus: Part Two",https://www.imdb.com/title/tt0811847/,TV Episode,6.3,25,1983,"Adventure, Drama, Family, Sci-Fi",454,1983-02-16,"Mary Ridge",,
594,tt0811848,2020-08-02,2020-08-02,,"Doctor Who: Terminus: Part Three","Doctor Who: Terminus: Part Three",https://www.imdb.com/title/tt0811848/,TV Episode,6.1,25,1983,"Adventure, Drama, Family, Sci-Fi",460,1983-02-22,"Mary Ridge",,
595,tt0811849,2020-08-02,2020-08-02,,"Doctor Who: Terminus: Part Four","Doctor Who: Terminus: Part Four",https://www.imdb.com/title/tt0811849/,TV Episode,6.2,25,1983,"Adventure, Drama, Family, Sci-Fi",458,1983-02-23,"Mary Ridge",,
596,tt0562843,2020-08-02,2020-08-02,,"Doctor Who: Enlightenment: Part One","Doctor Who: Enlightenment: Part One",https://www.imdb.com/title/tt0562843/,TV Episode,7.7,23,1983,"Adventure, Drama, Family, Sci-Fi",526,1983-03-01,"Fiona Cumming",,
597,tt0811675,2020-08-02,2020-08-02,,"Doctor Who: Enlightenment: Part Two","Doctor Who: Enlightenment: Part Two",https://www.imdb.com/title/tt0811675/,TV Episode,7.7,24,1983,"Adventure, Drama, Family, Sci-Fi",488,1983-03-02,"Fiona Cumming",,
598,tt0811676,2020-08-02,2020-08-02,,"Doctor Who: Enlightenment: Part Three","Doctor Who: Enlightenment: Part Three",https://www.imdb.com/title/tt0811676/,TV Episode,7.6,25,1983,"Adventure, Drama, Family, Sci-Fi",482,1983-03-08,"Fiona Cumming",,
599,tt0811677,2020-08-02,2020-08-02,,"Doctor Who: Enlightenment: Part Four","Doctor Who: Enlightenment: Part Four",https://www.imdb.com/title/tt0811677/,TV Episode,7.7,25,1983,"Adventure, Drama, Family, Sci-Fi",488,1983-03-09,"Fiona Cumming",,
600,tt0562927,2020-08-02,2020-08-02,,"Doctor Who: The King's Demons: Part One","Doctor Who: The King's Demons: Part One",https://www.imdb.com/title/tt0562927/,TV Episode,6.4,25,1983,"Adventure, Drama, Family, Sci-Fi",496,1983-03-15,"Tony Virgo",,
601,tt0811708,2020-08-02,2020-08-02,,"Doctor Who: The King's Demons: Part Two","Doctor Who: The King's Demons: Part Two",https://www.imdb.com/title/tt0811708/,TV Episode,6.2,25,1983,"Adventure, Drama, Family, Sci-Fi",451,1983-03-16,"Tony Virgo",,
602,tt0123044,2020-08-02,2020-08-02,,"Doctor Who: The Five Doctors","Doctor Who: The Five Doctors",https://www.imdb.com/title/tt0123044/,TV Episode,8.1,90,1983,"Adventure, Drama, Family, Sci-Fi",1601,1983-11-23,"Peter Moffatt, John Nathan-Turner, Pennant Roberts",,
603,tt0562983,2020-08-02,2020-08-02,,"Doctor Who: Warriors of the Deep: Part One","Doctor Who: Warriors of the Deep: Part One",https://www.imdb.com/title/tt0562983/,TV Episode,6.3,25,1984,"Adventure, Drama, Family, Sci-Fi",536,1984-01-05,"Pennant Roberts",,
604,tt0811767,2020-08-02,2020-08-02,,"Doctor Who: Warriors of the Deep: Part Two","Doctor Who: Warriors of the Deep: Part Two",https://www.imdb.com/title/tt0811767/,TV Episode,6.2,24,1984,"Adventure, Drama, Family, Sci-Fi",473,1984-01-06,"Pennant Roberts",,
605,tt0811768,2020-08-02,2020-08-02,,"Doctor Who: Warriors of the Deep: Part Three","Doctor Who: Warriors of the Deep: Part Three",https://www.imdb.com/title/tt0811768/,TV Episode,6.1,24,1984,"Adventure, Drama, Family, Sci-Fi",466,1984-01-12,"Pennant Roberts",,
606,tt0811769,2020-08-02,2020-08-02,,"Doctor Who: Warriors of the Deep: Part Four","Doctor Who: Warriors of the Deep: Part Four",https://www.imdb.com/title/tt0811769/,TV Episode,6.4,24,1984,"Adventure, Drama, Family, Sci-Fi",473,1984-01-13,"Pennant Roberts",,
607,tt0562893,2020-08-02,2020-08-02,,"Doctor Who: The Awakening: Part One","Doctor Who: The Awakening: Part One",https://www.imdb.com/title/tt0562893/,TV Episode,6.8,25,1984,"Adventure, Drama, Family, Sci-Fi",481,1984-01-19,"Michael Owen Morris",,
608,tt0811867,2020-08-02,2020-08-02,,"Doctor Who: The Awakening: Part Two","Doctor Who: The Awakening: Part Two",https://www.imdb.com/title/tt0811867/,TV Episode,6.8,25,1984,"Adventure, Drama, Family, Sci-Fi",447,1984-01-20,"Michael Owen Morris",,
609,tt0562846,2020-08-02,2020-08-02,,"Doctor Who: Frontios: Part One","Doctor Who: Frontios: Part One",https://www.imdb.com/title/tt0562846/,TV Episode,6.8,25,1984,"Adventure, Drama, Family, Sci-Fi",466,1984-01-26,"Ron Jones",,
610,tt0811681,2020-08-02,2020-08-02,,"Doctor Who: Frontios: Part Two","Doctor Who: Frontios: Part Two",https://www.imdb.com/title/tt0811681/,TV Episode,6.8,25,1984,"Adventure, Drama, Family, Sci-Fi",425,1984-01-27,"Ron Jones",,
611,tt0811682,2020-08-02,2020-08-02,,"Doctor Who: Frontios: Part Three","Doctor Who: Frontios: Part Three",https://www.imdb.com/title/tt0811682/,TV Episode,6.8,25,1984,"Adventure, Drama, Family, Sci-Fi",421,1984-02-02,"Ron Jones",,
612,tt0811683,2020-08-02,2020-08-02,,"Doctor Who: Frontios: Part Four","Doctor Who: Frontios: Part Four",https://www.imdb.com/title/tt0811683/,TV Episode,6.8,24,1984,"Adventure, Drama, Family, Sci-Fi",421,1984-02-03,"Ron Jones",,
613,tt0562872,2020-08-02,2020-08-02,,"Doctor Who: Resurrection of the Daleks: Part One","Doctor Who: Resurrection of the Daleks: Part One",https://www.imdb.com/title/tt0562872/,TV Episode,7.7,46,1984,"Adventure, Drama, Family, Sci-Fi",614,1984-02-08,"Matthew Robinson",,
614,tt0811835,2020-08-02,2020-08-02,,"Doctor Who: Resurrection of the Daleks: Part Two","Doctor Who: Resurrection of the Daleks: Part Two",https://www.imdb.com/title/tt0811835/,TV Episode,7.8,47,1984,"Adventure, Drama, Family, Sci-Fi",550,1984-02-15,"Matthew Robinson",,
615,tt0562866,2020-08-02,2020-08-02,,"Doctor Who: Planet of Fire: Part One","Doctor Who: Planet of Fire: Part One",https://www.imdb.com/title/tt0562866/,TV Episode,7.1,24,1984,"Adventure, Drama, Family, Sci-Fi",489,1984-02-23,"Fiona Cumming",,
616,tt0811826,2020-08-02,2020-08-02,,"Doctor Who: Planet of Fire: Part Two","Doctor Who: Planet of Fire: Part Two",https://www.imdb.com/title/tt0811826/,TV Episode,7.1,24,1984,"Adventure, Drama, Family, Sci-Fi",437,1984-02-24,"Fiona Cumming",,
617,tt0811827,2020-08-02,2020-08-02,,"Doctor Who: Planet of Fire: Part Three","Doctor Who: Planet of Fire: Part Three",https://www.imdb.com/title/tt0811827/,TV Episode,7.1,24,1984,"Adventure, Drama, Family, Sci-Fi",433,1984-03-01,"Fiona Cumming",,
618,tt0811828,2020-08-02,2020-08-02,,"Doctor Who: Planet of Fire: Part Four","Doctor Who: Planet of Fire: Part Four",https://www.imdb.com/title/tt0811828/,TV Episode,7.2,25,1984,"Adventure, Drama, Family, Sci-Fi",440,1984-03-02,"Fiona Cumming",,
619,tt0562896,2020-08-02,2020-08-02,,"Doctor Who: The Caves of Androzani: Part One","Doctor Who: The Caves of Androzani: Part One",https://www.imdb.com/title/tt0562896/,TV Episode,8.4,25,1984,"Adventure, Drama, Family, Sci-Fi",813,1984-03-08,"Graeme Harper",,
620,tt0811871,2020-08-02,2020-08-02,,"Doctor Who: The Caves of Androzani: Part Two","Doctor Who: The Caves of Androzani: Part Two",https://www.imdb.com/title/tt0811871/,TV Episode,8.4,25,1984,"Adventure, Drama, Family, Sci-Fi",709,1984-03-09,"Graeme Harper",,
621,tt0811872,2020-08-02,2020-08-02,,"Doctor Who: The Caves of Androzani: Part Three","Doctor Who: The Caves of Androzani: Part Three",https://www.imdb.com/title/tt0811872/,TV Episode,8.6,25,1984,"Adventure, Drama, Family, Sci-Fi",723,1984-03-15,"Graeme Harper",,
622,tt0811873,2020-08-02,2020-08-02,,"Doctor Who: The Caves of Androzani: Part Four","Doctor Who: The Caves of Androzani: Part Four",https://www.imdb.com/title/tt0811873/,TV Episode,8.9,26,1984,"Adventure, Drama, Family, Sci-Fi",809,1984-03-16,"Graeme Harper",,
623,tt0562968,2020-08-02,2020-08-02,,"Doctor Who: The Twin Dilemma: Part One","Doctor Who: The Twin Dilemma: Part One",https://www.imdb.com/title/tt0562968/,TV Episode,5.3,25,1984,"Adventure, Drama, Family, Sci-Fi",536,1984-03-22,"Peter Moffatt",,
624,tt0811747,2020-08-02,2020-08-02,,"Doctor Who: The Twin Dilemma: Part Two","Doctor Who: The Twin Dilemma: Part Two",https://www.imdb.com/title/tt0811747/,TV Episode,5.3,25,1984,"Adventure, Drama, Family, Sci-Fi",476,1984-03-23,"Peter Moffatt",,
625,tt0811748,2020-08-02,2020-08-02,,"Doctor Who: The Twin Dilemma: Part Three","Doctor Who: The Twin Dilemma: Part Three",https://www.imdb.com/title/tt0811748/,TV Episode,5.3,24,1984,"Adventure, Drama, Family, Sci-Fi",476,1984-03-29,"Peter Moffatt",,
626,tt0811749,2020-08-02,2020-08-02,,"Doctor Who: The Twin Dilemma: Part Four","Doctor Who: The Twin Dilemma: Part Four",https://www.imdb.com/title/tt0811749/,TV Episode,5.3,25,1984,"Adventure, Drama, Family, Sci-Fi",478,1984-03-30,"Peter Moffatt",,
627,tt0562830,2020-08-02,2020-08-02,,"Doctor Who: Attack of the Cybermen: Part One","Doctor Who: Attack of the Cybermen: Part One",https://www.imdb.com/title/tt0562830/,TV Episode,6.9,44,1985,"Adventure, Drama, Family, Sci-Fi",630,1985-01-05,"Matthew Robinson",,
628,tt0811654,2020-08-02,2020-08-02,,"Doctor Who: Attack of the Cybermen: Part Two","Doctor Who: Attack of the Cybermen: Part Two",https://www.imdb.com/title/tt0811654/,TV Episode,6.7,45,1985,"Adventure, Drama, Family, Sci-Fi",568,1985-01-12,"Matthew Robinson",,
629,tt0562982,2020-08-02,2020-08-02,,"Doctor Who: Vengeance on Varos: Part One","Doctor Who: Vengeance on Varos: Part One",https://www.imdb.com/title/tt0562982/,TV Episode,7.5,45,1985,"Adventure, Drama, Family, Sci-Fi",667,1985-01-19,"Ron Jones",,
630,tt0811766,2020-08-02,2020-08-02,,"Doctor Who: Vengeance on Varos: Part Two","Doctor Who: Vengeance on Varos: Part Two",https://www.imdb.com/title/tt0811766/,TV Episode,7.5,45,1985,"Adventure, Drama, Family, Sci-Fi",597,1985-01-26,"Ron Jones",,
631,tt0562931,2020-08-02,2020-08-02,,"Doctor Who: The Mark of the Rani: Part One","Doctor Who: The Mark of the Rani: Part One",https://www.imdb.com/title/tt0562931/,TV Episode,6.8,45,1985,"Adventure, Drama, Family, Sci-Fi",597,1985-02-02,"Sarah Hellings",,
632,tt0811712,2020-08-02,2020-08-02,,"Doctor Who: The Mark of the Rani: Part Two","Doctor Who: The Mark of the Rani: Part Two",https://www.imdb.com/title/tt0811712/,TV Episode,6.7,45,1985,"Adventure, Drama, Family, Sci-Fi",549,1985-02-09,"Sarah Hellings",,
633,tt0562969,2020-08-02,2020-08-02,,"Doctor Who: The Two Doctors: Part One","Doctor Who: The Two Doctors: Part One",https://www.imdb.com/title/tt0562969/,TV Episode,7.3,45,1985,"Adventure, Drama, Family, Sci-Fi",625,1985-02-16,"Peter Moffatt",,
634,tt0811750,2020-08-02,2020-08-02,,"Doctor Who: The Two Doctors: Part Two","Doctor Who: The Two Doctors: Part Two",https://www.imdb.com/title/tt0811750/,TV Episode,7.2,45,1985,"Adventure, Drama, Family, Sci-Fi",553,1985-02-23,"Peter Moffatt",,
635,tt0811751,2020-08-02,2020-08-02,,"Doctor Who: The Two Doctors: Part Three","Doctor Who: The Two Doctors: Part Three",https://www.imdb.com/title/tt0811751/,TV Episode,7.2,45,1985,"Adventure, Drama, Family, Sci-Fi",553,1985-03-02,"Peter Moffatt",,
636,tt0562980,2020-08-02,2020-08-02,,"Doctor Who: Timelash: Part One","Doctor Who: Timelash: Part One",https://www.imdb.com/title/tt0562980/,TV Episode,5.6,45,1985,"Adventure, Drama, Family, Sci-Fi",537,1985-03-09,"Pennant Roberts",,
637,tt0811762,2020-08-02,2020-08-02,,"Doctor Who: Timelash: Part Two","Doctor Who: Timelash: Part Two",https://www.imdb.com/title/tt0811762/,TV Episode,5.4,45,1985,"Adventure, Drama, Family, Sci-Fi",492,1985-03-16,"Pennant Roberts",,
638,tt0562873,2020-08-02,2020-08-02,,"Doctor Who: Revelation of the Daleks: Part One","Doctor Who: Revelation of the Daleks: Part One",https://www.imdb.com/title/tt0562873/,TV Episode,7.4,45,1985,"Adventure, Drama, Family, Sci-Fi",631,1985-03-23,"Graeme Harper",,
639,tt0811836,2020-08-02,2020-08-02,,"Doctor Who: Revelation of the Daleks: Part Two","Doctor Who: Revelation of the Daleks: Part Two",https://www.imdb.com/title/tt0811836/,TV Episode,7.6,45,1985,"Adventure, Drama, Family, Sci-Fi",578,1985-03-30,"Graeme Harper",,
640,tt0562939,2020-08-02,2020-08-02,,"Doctor Who: The Trial of a Time Lord: Part One","Doctor Who: The Trial of a Time Lord: Part One",https://www.imdb.com/title/tt0562939/,TV Episode,7.0,25,1986,"Adventure, Drama, Family, Sci-Fi",567,1986-09-06,"Nicholas Mallett",,
641,tt0811716,2020-08-02,2020-08-02,,"Doctor Who: The Trial of a Time Lord: Part Two","Doctor Who: The Trial of a Time Lord: Part Two",https://www.imdb.com/title/tt0811716/,TV Episode,6.8,25,1986,"Adventure, Drama, Family, Sci-Fi",505,1986-09-13,"Nicholas Mallett",,
642,tt0811717,2020-08-02,2020-08-02,,"Doctor Who: The Trial of a Time Lord: Part Three","Doctor Who: The Trial of a Time Lord: Part Three",https://www.imdb.com/title/tt0811717/,TV Episode,6.7,24,1986,"Adventure, Drama, Family, Sci-Fi",500,1986-09-20,"Nicholas Mallett",,
643,tt0811718,2020-08-02,2020-08-02,,"Doctor Who: The Trial of a Time Lord: Part Four","Doctor Who: The Trial of a Time Lord: Part Four",https://www.imdb.com/title/tt0811718/,TV Episode,6.7,24,1986,"Adventure, Drama, Family, Sci-Fi",502,1986-09-27,"Nicholas Mallett",,
644,tt0562861,2020-08-02,2020-08-02,,"Doctor Who: The Trial of a Time Lord: Part Five","Doctor Who: The Trial of a Time Lord: Part Five",https://www.imdb.com/title/tt0562861/,TV Episode,7.0,25,1986,"Adventure, Drama, Family, Sci-Fi",512,1986-10-04,"Ron Jones",,
645,tt0811814,2020-08-02,2020-08-02,,"Doctor Who: The Trial of a Time Lord: Part Six","Doctor Who: The Trial of a Time Lord: Part Six",https://www.imdb.com/title/tt0811814/,TV Episode,6.9,25,1986,"Adventure, Drama, Family, Sci-Fi",487,1986-10-11,"Ron Jones",,
646,tt0811815,2020-08-02,2020-08-02,,"Doctor Who: The Trial of a Time Lord: Part Seven","Doctor Who: The Trial of a Time Lord: Part Seven",https://www.imdb.com/title/tt0811815/,TV Episode,6.8,25,1986,"Adventure, Drama, Family, Sci-Fi",485,1986-10-18,"Ron Jones",,
647,tt0811816,2020-08-02,2020-08-02,,"Doctor Who: The Trial of a Time Lord: Part Eight","Doctor Who: The Trial of a Time Lord: Part Eight",https://www.imdb.com/title/tt0811816/,TV Episode,7.2,25,1986,"Adventure, Drama, Family, Sci-Fi",498,1986-10-25,"Ron Jones",,
648,tt0562884,2020-08-02,2020-08-02,,"Doctor Who: The Trial of a Time Lord: Part Nine","Doctor Who: The Trial of a Time Lord: Part Nine",https://www.imdb.com/title/tt0562884/,TV Episode,6.8,25,1986,"Adventure, Drama, Family, Sci-Fi",511,1986-11-01,"Chris Clough",,
649,tt0811850,2020-08-02,2020-08-02,,"Doctor Who: The Trial of a Time Lord: Part Ten","Doctor Who: The Trial of a Time Lord: Part Ten",https://www.imdb.com/title/tt0811850/,TV Episode,6.7,24,1986,"Adventure, Drama, Family, Sci-Fi",476,1986-11-08,"Chris Clough",,
650,tt0811851,2020-08-02,2020-08-02,,"Doctor Who: The Trial of a Time Lord: Part Eleven","Doctor Who: The Trial of a Time Lord: Part Eleven",https://www.imdb.com/title/tt0811851/,TV Episode,6.7,24,1986,"Adventure, Drama, Family, Sci-Fi",480,1986-11-15,"Chris Clough",,
651,tt0811852,2020-08-02,2020-08-02,,"Doctor Who: The Trial of a Time Lord: Part Twelve","Doctor Who: The Trial of a Time Lord: Part Twelve",https://www.imdb.com/title/tt0811852/,TV Episode,6.7,25,1986,"Adventure, Drama, Family, Sci-Fi",483,1986-11-22,"Chris Clough",,
652,tt0562970,2020-08-02,2020-08-02,,"Doctor Who: The Trial of a Time Lord: Part Thirteen","Doctor Who: The Trial of a Time Lord: Part Thirteen",https://www.imdb.com/title/tt0562970/,TV Episode,7.3,25,1986,"Adventure, Drama, Family, Sci-Fi",507,1986-11-29,"Chris Clough",,
653,tt0811752,2020-08-02,2020-08-02,,"Doctor Who: The Trial of a Time Lord: Part Fourteen","Doctor Who: The Trial of a Time Lord: Part Fourteen",https://www.imdb.com/title/tt0811752/,TV Episode,6.7,30,1986,"Adventure, Drama, Family, Sci-Fi",498,1986-12-06,"Chris Clough",,
654,tt0562978,2020-08-02,2020-08-02,,"Doctor Who: Time and the Rani: Part One","Doctor Who: Time and the Rani: Part One",https://www.imdb.com/title/tt0562978/,TV Episode,5.6,25,1987,"Adventure, Drama, Family, Sci-Fi",621,1987-09-07,"Andrew Morgan",,
655,tt0811756,2020-08-02,2020-08-02,,"Doctor Who: Time and the Rani: Part Two","Doctor Who: Time and the Rani: Part Two",https://www.imdb.com/title/tt0811756/,TV Episode,5.5,24,1987,"Adventure, Drama, Family, Sci-Fi",558,1987-09-14,"Andrew Morgan",,
656,tt0811757,2020-08-02,2020-08-02,,"Doctor Who: Time and the Rani: Part Three","Doctor Who: Time and the Rani: Part Three",https://www.imdb.com/title/tt0811757/,TV Episode,5.4,24,1987,"Adventure, Drama, Family, Sci-Fi",544,1987-09-21,"Andrew Morgan",,
657,tt0811758,2020-08-02,2020-08-02,,"Doctor Who: Time and the Rani: Part Four","Doctor Who: Time and the Rani: Part Four",https://www.imdb.com/title/tt0811758/,TV Episode,5.4,24,1987,"Adventure, Drama, Family, Sci-Fi",553,1987-09-28,"Andrew Morgan",,
658,tt0562864,2020-08-02,2020-08-02,,"Doctor Who: Paradise Towers: Part One","Doctor Who: Paradise Towers: Part One",https://www.imdb.com/title/tt0562864/,TV Episode,6.4,25,1987,"Adventure, Drama, Family, Sci-Fi",588,1987-10-05,"Nicholas Mallett",,
659,tt0811820,2020-08-02,2020-08-02,,"Doctor Who: Paradise Towers: Part Two","Doctor Who: Paradise Towers: Part Two",https://www.imdb.com/title/tt0811820/,TV Episode,6.3,25,1987,"Adventure, Drama, Family, Sci-Fi",519,1987-10-12,"Nicholas Mallett",,
660,tt0811821,2020-08-02,2020-08-02,,"Doctor Who: Paradise Towers: Part Three","Doctor Who: Paradise Towers: Part Three",https://www.imdb.com/title/tt0811821/,TV Episode,6.3,24,1987,"Adventure, Drama, Family, Sci-Fi",511,1987-10-19,"Nicholas Mallett",,
661,tt0811822,2020-08-02,2020-08-02,,"Doctor Who: Paradise Towers: Part Four","Doctor Who: Paradise Towers: Part Four",https://www.imdb.com/title/tt0811822/,TV Episode,6.3,24,1987,"Adventure, Drama, Family, Sci-Fi",519,1987-10-26,"Nicholas Mallett",,
662,tt0562839,2020-08-02,2020-08-02,,"Doctor Who: Delta and the Bannermen: Part One","Doctor Who: Delta and the Bannermen: Part One",https://www.imdb.com/title/tt0562839/,TV Episode,5.9,25,1987,"Adventure, Drama, Family, Sci-Fi",577,1987-11-02,"Chris Clough",,
663,tt0811665,2020-08-02,2020-08-02,,"Doctor Who: Delta and the Bannermen: Part Two","Doctor Who: Delta and the Bannermen: Part Two",https://www.imdb.com/title/tt0811665/,TV Episode,5.8,24,1987,"Adventure, Drama, Family, Sci-Fi",518,1987-11-09,"Chris Clough",,
664,tt0811666,2020-08-02,2020-08-02,,"Doctor Who: Delta and the Bannermen: Part Three","Doctor Who: Delta and the Bannermen: Part Three",https://www.imdb.com/title/tt0811666/,TV Episode,5.7,24,1987,"Adventure, Drama, Family, Sci-Fi",523,1987-11-16,"Chris Clough",,
665,tt0562841,2020-08-02,2020-08-02,,"Doctor Who: Dragonfire: Part One","Doctor Who: Dragonfire: Part One",https://www.imdb.com/title/tt0562841/,TV Episode,6.4,25,1987,"Adventure, Drama, Family, Sci-Fi",561,1987-11-23,"Chris Clough",,
666,tt0811670,2020-08-02,2020-08-02,,"Doctor Who: Dragonfire: Part Two","Doctor Who: Dragonfire: Part Two",https://www.imdb.com/title/tt0811670/,TV Episode,6.4,25,1987,"Adventure, Drama, Family, Sci-Fi",509,1987-11-30,"Chris Clough",,
667,tt0811671,2020-08-02,2020-08-02,,"Doctor Who: Dragonfire: Part Three","Doctor Who: Dragonfire: Part Three",https://www.imdb.com/title/tt0811671/,TV Episode,6.5,25,1987,"Adventure, Drama, Family, Sci-Fi",523,1987-12-07,"Chris Clough",,
668,tt0562871,2020-08-02,2020-08-02,,"Doctor Who: Remembrance of the Daleks: Part One","Doctor Who: Remembrance of the Daleks: Part One",https://www.imdb.com/title/tt0562871/,TV Episode,8.4,25,1988,"Adventure, Drama, Family, Sci-Fi",874,1988-10-05,"Andrew Morgan",,
669,tt0811832,2020-08-02,2020-08-02,,"Doctor Who: Remembrance of the Daleks: Part Two","Doctor Who: Remembrance of the Daleks: Part Two",https://www.imdb.com/title/tt0811832/,TV Episode,8.5,25,1988,"Adventure, Drama, Family, Sci-Fi",741,1988-10-12,"Andrew Morgan",,
670,tt0811833,2020-08-02,2020-08-02,,"Doctor Who: Remembrance of the Daleks: Part Three","Doctor Who: Remembrance of the Daleks: Part Three",https://www.imdb.com/title/tt0811833/,TV Episode,8.4,25,1988,"Adventure, Drama, Family, Sci-Fi",733,1988-10-19,"Andrew Morgan",,
671,tt0811834,2020-08-02,2020-08-02,,"Doctor Who: Remembrance of the Daleks: Part Four","Doctor Who: Remembrance of the Daleks: Part Four",https://www.imdb.com/title/tt0811834/,TV Episode,8.5,25,1988,"Adventure, Drama, Family, Sci-Fi",751,1988-10-26,"Andrew Morgan",,
672,tt0562918,2020-08-02,2020-08-02,,"Doctor Who: The Happiness Patrol: Part One","Doctor Who: The Happiness Patrol: Part One",https://www.imdb.com/title/tt0562918/,TV Episode,6.8,25,1988,"Adventure, Drama, Family, Sci-Fi",597,1988-11-02,"Chris Clough",,
673,tt0811692,2020-08-02,2020-08-02,,"Doctor Who: The Happiness Patrol: Part Two","Doctor Who: The Happiness Patrol: Part Two",https://www.imdb.com/title/tt0811692/,TV Episode,6.7,25,1988,"Adventure, Drama, Family, Sci-Fi",528,1988-11-09,"Chris Clough",,
674,tt0811693,2020-08-02,2020-08-02,,"Doctor Who: The Happiness Patrol: Part Three","Doctor Who: The Happiness Patrol: Part Three",https://www.imdb.com/title/tt0811693/,TV Episode,6.8,25,1988,"Adventure, Drama, Family, Sci-Fi",530,1988-11-16,"Chris Clough",,
675,tt0562877,2020-08-02,2020-08-02,,"Doctor Who: Silver Nemesis: Part One","Doctor Who: Silver Nemesis: Part One",https://www.imdb.com/title/tt0562877/,TV Episode,6.5,30,1988,"Adventure, Drama, Family, Sci-Fi",583,1988-11-23,"Chris Clough",,
676,tt0811837,2020-08-02,2020-08-02,,"Doctor Who: Silver Nemesis: Part Two","Doctor Who: Silver Nemesis: Part Two",https://www.imdb.com/title/tt0811837/,TV Episode,6.4,26,1988,"Adventure, Drama, Family, Sci-Fi",523,1988-11-30,"Chris Clough",,
677,tt0811838,2020-08-02,2020-08-02,,"Doctor Who: Silver Nemesis: Part Three","Doctor Who: Silver Nemesis: Part Three",https://www.imdb.com/title/tt0811838/,TV Episode,6.4,30,1988,"Adventure, Drama, Family, Sci-Fi",526,1988-12-07,"Chris Clough",,
678,tt0562914,2020-08-02,2020-08-02,,"Doctor Who: The Greatest Show in the Galaxy: Part One","Doctor Who: The Greatest Show in the Galaxy: Part One",https://www.imdb.com/title/tt0562914/,TV Episode,7.2,25,1988,"Adventure, Drama, Family, Sci-Fi",577,1988-12-14,"Alan Wareing",,
679,tt0811886,2020-08-02,2020-08-02,,"Doctor Who: The Greatest Show in the Galaxy: Part Two","Doctor Who: The Greatest Show in the Galaxy: Part Two",https://www.imdb.com/title/tt0811886/,TV Episode,7.2,25,1988,"Adventure, Drama, Family, Sci-Fi",511,1988-12-21,"Alan Wareing",,
680,tt0811887,2020-08-02,2020-08-02,,"Doctor Who: The Greatest Show in the Galaxy: Part Three","Doctor Who: The Greatest Show in the Galaxy: Part Three",https://www.imdb.com/title/tt0811887/,TV Episode,7.1,25,1988,"Adventure, Drama, Family, Sci-Fi",506,1988-12-28,"Alan Wareing",,
681,tt0811888,2020-08-02,2020-08-02,,"Doctor Who: The Greatest Show in the Galaxy: Part Four","Doctor Who: The Greatest Show in the Galaxy: Part Four",https://www.imdb.com/title/tt0811888/,TV Episode,7.1,25,1989,"Adventure, Drama, Family, Sci-Fi",514,1989-01-04,"Alan Wareing",,
682,tt0562831,2020-08-02,2020-08-02,,"Doctor Who: Battlefield: Part One","Doctor Who: Battlefield: Part One",https://www.imdb.com/title/tt0562831/,TV Episode,7.2,25,1989,"Adventure, Drama, Family, Sci-Fi",652,1989-09-06,"Michael Kerrigan",,
683,tt0811655,2020-08-02,2020-08-02,,"Doctor Who: Battlefield: Part Two","Doctor Who: Battlefield: Part Two",https://www.imdb.com/title/tt0811655/,TV Episode,7.3,25,1989,"Adventure, Drama, Family, Sci-Fi",565,1989-09-13,"Michael Kerrigan",,
684,tt0811656,2020-08-02,2020-08-02,,"Doctor Who: Battlefield: Part Three","Doctor Who: Battlefield: Part Three",https://www.imdb.com/title/tt0811656/,TV Episode,7.3,26,1989,"Adventure, Drama, Family, Sci-Fi",552,1989-09-20,"Michael Kerrigan",,
685,tt0811657,2020-08-02,2020-08-02,,"Doctor Who: Battlefield: Part Four","Doctor Who: Battlefield: Part Four",https://www.imdb.com/title/tt0811657/,TV Episode,7.4,25,1989,"Adventure, Drama, Family, Sci-Fi",566,1989-09-27,"Michael Kerrigan",,
686,tt0562851,2020-08-02,2020-08-02,,"Doctor Who: Ghost Light: Part One","Doctor Who: Ghost Light: Part One",https://www.imdb.com/title/tt0562851/,TV Episode,7.3,25,1989,"Adventure, Drama, Family, Sci-Fi",637,1989-10-04,"Alan Wareing",,
687,tt0811687,2020-08-02,2020-08-02,,"Doctor Who: Ghost Light: Part Two","Doctor Who: Ghost Light: Part Two",https://www.imdb.com/title/tt0811687/,TV Episode,7.1,25,1989,"Adventure, Drama, Family, Sci-Fi",564,1989-10-11,"Alan Wareing",,
688,tt0811688,2020-08-02,2020-08-02,,"Doctor Who: Ghost Light: Part Three","Doctor Who: Ghost Light: Part Three",https://www.imdb.com/title/tt0811688/,TV Episode,7.1,25,1989,"Adventure, Drama, Family, Sci-Fi",569,1989-10-18,"Alan Wareing",,
689,tt0562902,2020-08-02,2020-08-02,,"Doctor Who: The Curse of Fenric: Part One","Doctor Who: The Curse of Fenric: Part One",https://www.imdb.com/title/tt0562902/,TV Episode,8.1,25,1989,"Adventure, Drama, Family, Sci-Fi",728,1989-10-25,"Nicholas Mallett",,
690,tt0811877,2020-08-02,2020-08-02,,"Doctor Who: The Curse of Fenric: Part Two","Doctor Who: The Curse of Fenric: Part Two",https://www.imdb.com/title/tt0811877/,TV Episode,8.1,25,1989,"Adventure, Drama, Family, Sci-Fi",640,1989-11-01,"Nicholas Mallett",,
691,tt0811878,2020-08-02,2020-08-02,,"Doctor Who: The Curse of Fenric: Part Three","Doctor Who: The Curse of Fenric: Part Three",https://www.imdb.com/title/tt0811878/,TV Episode,8.2,25,1989,"Adventure, Drama, Family, Sci-Fi",647,1989-11-08,"Nicholas Mallett",,
692,tt0811879,2020-08-02,2020-08-02,,"Doctor Who: The Curse of Fenric: Part Four","Doctor Who: The Curse of Fenric: Part Four",https://www.imdb.com/title/tt0811879/,TV Episode,8.2,25,1989,"Adventure, Drama, Family, Sci-Fi",657,1989-11-15,"Nicholas Mallett",,
693,tt0562881,2020-08-02,2020-08-02,,"Doctor Who: Survival: Part One","Doctor Who: Survival: Part One",https://www.imdb.com/title/tt0562881/,TV Episode,7.3,25,1989,"Adventure, Drama, Family, Sci-Fi",622,1989-11-22,"Alan Wareing",,
694,tt0811845,2020-08-02,2020-08-02,,"Doctor Who: Survival: Part Two","Doctor Who: Survival: Part Two",https://www.imdb.com/title/tt0811845/,TV Episode,7.2,25,1989,"Adventure, Drama, Family, Sci-Fi",552,1989-11-29,"Alan Wareing",,
695,tt0811846,2020-08-02,2020-08-02,,"Doctor Who: Survival: Part Three","Doctor Who: Survival: Part Three",https://www.imdb.com/title/tt0811846/,TV Episode,7.4,25,1989,"Adventure, Drama, Family, Sci-Fi",602,1989-12-06,"Alan Wareing",,
